name,url,group,country,language,quality,category,tags
2x2_english,https://rhine.webchnl.live/memfs/be88c390-19d4-4362-aaf9-a2eb6a3f758c.m3u8,Entertainment,,English,,Entertainment,"indie,internet"
Boomerang Reborn,https://rhine.webchnl.live/memfs/0a6adc63-1ea7-49f1-9de1-1a81ad597e72.m3u8,Kids,,English,,Kids,"cartoons,kids"
Cartoon Network DoneBetter,https://rhine.webchnl.live/memfs/df872e66-4bfe-4cc8-9b47-7d617ac6ad8b.m3u8,Kids,,English,,Kids,"cartoons,kids"
Cartoon Network Extras,https://rhine.webchnl.live/memfs/53fec556-2421-48ac-9b8a-203f48ae1ca1.m3u8,Kids,,English,,Kids,"cartoons,kids"
Cartoon Network Multi,https://rhine.webchnl.live/memfs/55263779-40ab-45c9-ac64-636ff0963419.m3u8,Kids,,English,,Kids,"cartoons,kids"
Chroma,https://rhine.webchnl.live/memfs/cdb5b0cd-2a64-4b76-a1af-91fb8176df21.m3u8,Entertainment,,English,,Entertainment,"indie,internet"
MRSAT,https://rhine.webchnl.live/memfs/9eb075a9-0682-41ce-846d-8cc714a8f4fc.m3u8,Entertainment,,,,Entertainment,"indie,internet"
chnl.testing,https://rhine.webchnl.live/memfs/e1a5f114-bbb9-488a-8016-3b763b564ec2.m3u8,Entertainment,,,,Entertainment,test
CrossRift,https://rhine.webchnl.live/memfs/47d19130-274d-443f-b757-b6165019fdb1.m3u8,Entertainment,,,,Entertainment,"indie,internet"
Deflect,https://rhine.webchnl.live/memfs/8a788628-af64-4fae-8dac-2fcb9d1c4eae.m3u8,Entertainment,,,,Entertainment,"indie,internet"
DIJIT / Joy.Rebel,https://rhine.webchnl.live/memfs/39c22a0a-ba5a-4cda-bb74-83108e8e3e69.m3u8,Music,,English,,Music,"music,indie"
DoneBetter,https://rhine.webchnl.live/memfs/a0277a2e-9e76-4060-9e07-5d6495e60a66.m3u8,Entertainment,,English,,Entertainment,"indie,internet"
flashBAK,https://rhine.webchnl.live/memfs/d839aad2-f86a-49d9-bef3-e7c4c2b8e9f0.m3u8,Entertainment,,English,,Entertainment,"retro,indie"
Nick GaS,https://rhine.webchnl.live/memfs/48e4dd44-3c78-4c9e-99c6-058604ab2962.m3u8,Kids,,English,,Kids,"kids,nickelodeon"
Object Central | HD,https://rhine.webchnl.live/memfs/dfac9472-bf8f-455c-8306-68184073a2f8.m3u8,Entertainment,,English,HD,Entertainment,"indie,internet"
ONR,https://rhine.webchnl.live/memfs/a1d25eab-0048-4698-b2c0-3c4ced3d2efc.m3u8,Entertainment,,English,,Entertainment,"indie,internet"
Placid,https://rhine.webchnl.live/memfs/7d25f0a4-6d46-4091-ba8e-63becd013d6d.m3u8,Lifestyle,,English,,Lifestyle,"relaxation,indie"
spark,https://rhine.webchnl.live/memfs/52b4200e-6ea9-4119-be31-0e73fa9c7d64.m3u8,Entertainment,,English,,Entertainment,"indie,internet"
quant,https://rhine.webchnl.live/memfs/52b4200e-6ea9-4119-be31-0e73fa9c7d64.m3u8,Entertainment,,English,,Entertainment,"indie,internet"
Whiplash,https://rhine.webchnl.live/memfs/ac0f016c-e39c-4fa5-885d-b90aec65b076.m3u8,Entertainment,,English,,Entertainment,"indie,internet"
Whiplash II,https://rhine.webchnl.live/memfs/86695e51-c500-4939-b3e8-73a2db21741d.m3u8,Entertainment,,English,,Entertainment,"indie,internet"
Whiplash Cinema,https://rhine.webchnl.live/memfs/3727506f-9e14-4f8e-af12-cdc8c597640c.m3u8,Movies,,English,,Movies,"movies,indie"
Yoyo,https://rhine.webchnl.live/memfs/242e59c8-1c7e-4c08-a9a8-e41b17f1ae17.m3u8,Kids,,English,,Kids,"kids,indie"
Window TV,https://rhine.webchnl.live/memfs/efa25eb0-b8b1-4b4a-896d-6ed932616fb6.m3u8,Lifestyle,,English,,Lifestyle,"ambient,indie"
Toonbox,https://rhine.webchnl.live/memfs/f4a9ef8b-521a-432e-87bf-c2bcebe9405a.m3u8,Kids,,English,,Kids,"cartoons,kids,indie"
wrongturn,https://rhine.webchnl.live/memfs/fa47748d-5612-444c-9051-b6a4c4aea99e.m3u8,Entertainment,,English,,Entertainment,"indie,internet"
12/5/25,https://rhine.webchnl.live/memfs/2ab14dcd-7307-4ae5-b66f-57c30cec655d.m3u8,Entertainment,,,,Entertainment,"indie,internet"
Yub Network,https://rhine.webchnl.live/memfs/f36a230a-2183-4d03-8278-29358f43fabe.m3u8,Entertainment,,English,,Entertainment,"indie,internet"
CSN,http://plyr.streamlinecsn.online/memfs/eda3c430-a21e-4ea7-87d6-68db49abbeaf.m3u8,Entertainment,,English,,Entertainment,"indie,internet"
CSNX,http://plyr.streamlinecsn.online/memfs/73188a9a-ff81-487c-867f-15b7be6c6ccd.m3u8,Entertainment,,English,,Entertainment,"indie,internet"
Boxnet,http://plyr.streamlinecsn.online/memfs/df48901b-57eb-4341-b155-730b2bbee3e9.m3u8,Entertainment,,English,,Entertainment,"indie,internet"
CSMovies Channel,http://plyr.streamlinecsn.online/memfs/3b7df2f3-96ad-4b66-a8fc-7869027db360.m3u8,Movies,,English,,Movies,"movies,indie"
Player,http://plyr.streamlinecsn.online/memfs/a7f9acc7-9d77-4427-aea5-e199eb4ea0cd.m3u8,Entertainment,,English,,Entertainment,"indie,internet"
Streamline Box Office,http://plyr.streamlinecsn.online/memfs/15e8bdd0-bd6d-417b-8fde-77d65780f245.m3u8,Movies,,English,,Movies,"movies,indie"
4GTV,https://4gtv.ngrok.app/hls/stream.m3u8,Entertainment,,,,Entertainment,indie
Cartoon Network España,http://cnespana.duckdns.org:8080/hls/0/stream.m3u8,Kids,Spain,Spanish,,Kids,"cartoons,kids"
Record Cabo Verde,http://41.74.140.96:8000/play/a002/index.m3u8,General,Cape Verde,Portuguese,,General,"news,general"
TVA,http://41.74.140.96:8000/play/a007/index.m3u8,General,Cape Verde,Portuguese,,General,general
TVI África,https://video-auth4.iol.pt/live_tvi_africa/live_tvi_africa/edge_servers/tviafrica-480p/playlist.m3u8,General,Portugal/Africa,Portuguese,,General,"africa,general"
Tiver,http://41.74.140.96:8000/play/a00b/index.m3u8,General,Cape Verde,Portuguese,,General,general
TCV,http://41.74.140.96:8000/play/a001/index.m3u8,General,Cape Verde,Portuguese,,General,general
Vizion Plus,https://tringliveviz.akamaized.net/delta/105/out/u/qwaszxerdfcvrtryuy.m3u8,General,Albania,Albanian,,General,general
News 24,https://tv.balkanweb.com/news24/livestream/playlist.m3u8,News,Albania,Albanian,,News,news
A2 CNN,https://tv.a2news.com/live/smil:a2cnnweb.stream.smil/playlist.m3u8,News,Albania,Albanian,,News,news
Ora News,https://live1.mediadesk.al/oranews.m3u8,News,Albania,Albanian,,News,news
Euronews,https://gjirafa-video-live.gjirafa.net/gjvideo-live/2dw-zuf-1c9-pxu/index.m3u8,News,Albania,Albanian,,News,news
TNT Sports Premium,http://38.250.127.17:9800/play/a06g/index.m3u8,Sports,Argentina,Spanish,,Sports,sports
Telefe,http://38.7.195.43:8000/play/a0vc,General,Argentina,Spanish,,General,general
El Trece,https://live-01-02-eltrece.vodgc.net/eltrecetv/index.m3u8,General,Argentina,Spanish,,General,general
TyC Sports,https://joy.nx-pc.edge-apps.net/hls/o5b6i-gacle-23i3p-oef1_1080p/index.m3u8,Sports,Argentina,Spanish,,Sports,sports
GEN TV,https://srv3.zcast.com.br/gentv/gentv/playlist.m3u8,General,Argentina,Spanish,,General,general
Paka Paka,http://38.250.127.17:9800/play/a0am/index.m3u8,Kids,Argentina,Spanish,,Kids,kids
First Channel America,https://amtv.tulixcdn.com/amtv4/am4abr/index.m3u8,General,Armenia,Armenian,,General,general
First Channel News,https://amtv.tulixcdn.com/amtv3/am3abr/index.m3u8,News,Armenia,Armenian,,News,news
First Channel International,https://amtv.tulixcdn.com/amtv2/am2abr/index.m3u8,General,Armenia,Armenian,,General,general
ATV,https://strm.hdtvizlecanli.com/live/atv.m3u8,General,Austria,German,,General,general
ATV 2,https://viamotionhsi.netplus.ch/live/eds/atv/browser-dash/atv.mpd,General,Austria,German,,General,general
ORF 1,https://viamotionhsi.netplus.ch/live/eds/orf1/browser-dash/orf1.mpd,General,Austria,German,,General,"general,public"
ORF 2,https://viamotionhsi.netplus.ch/live/eds/orf2/browser-dash/orf2.mpd,General,Austria,German,,General,"general,public"
ORF III,http://212.95.30.186:9981/stream/channelid/817337321?profile=pass,General,Austria,German,,Culture,"culture,public"
ORF Sport+,http://212.186.45.34:9981/stream/channelid/906723447?profile=pass,Sports,Austria,German,,Sports,"sports,public"
ORF Kids,https://web12.mdn.ors.at/orf/web12/qxb/manifest.m3u8,Kids,Austria,German,,Kids,"kids,public"
Puls 4,http://212.95.30.186:9981/stream/channelid/1630575394?profile=pass,General,Austria,German,,General,general
Puls 24,http://212.186.45.34:9981/stream/channelid/1840087075?profile=pass,News,Austria,German,,News,news
ServusTV HD,https://viamotionhsi.netplus.ch/live/eds/servustvhd/browser-HLS8/servustvhd.m3u8,General,Austria,German,HD,General,general
Tirol TV,http://212.186.45.34:9981/stream/channelid/308149845?profile=pass,Regional,Austria,German,,Regional,regional
ProSieben Austria,http://212.95.30.186:9981/stream/channelid/719855917?profile=pass,General,Austria,German,,General,general
Kabel Eins Austria,http://212.95.30.186:9981/stream/channelid/1665759621?profile=pass,General,Austria,German,,General,general
ABC TV,https://c.mjh.nz/abc-nsw.m3u8,General,Australia,English,,General,"public,general"
ABC Entertains,https://c.mjh.nz/abc-me.m3u8,Entertainment,Australia,English,,Entertainment,entertainment
ABC Kids,https://c.mjh.nz/abc-kids.m3u8,Kids,Australia,English,,Kids,kids
ABC Family,https://c.mjh.nz/abc-tv-plus.m3u8,Family,Australia,English,,Family,family
ABC News,https://c.mjh.nz/abc-news.m3u8,News,Australia,English,,News,news
SBS,http://115.69.40.212:55555/SBS%20ONE%20HD,General,Australia,English,,General,"multicultural,general"
SBS Viceland,http://44.32.200.212:5004/auto/v31,Entertainment,Australia,English,,Entertainment,entertainment
SBS World Watch,http://44.32.200.212:5004/auto/v35,News,Australia,English,,News,"news,world"
SBS World Movie,http://44.32.200.212:5004/auto/v32,Movies,Australia,English,,Movies,movies
SBS Food,http://44.32.200.212:5004/auto/v33,Lifestyle,Australia,English,,Lifestyle,"food,lifestyle"
NITV,http://44.32.200.212:5004/auto/v34,General,Australia,English,,General,"indigenous,general"
Network 10,http://115.69.40.212:55555/10HD%20Newcastle,General,Australia,English,,General,general
10 Drama,http://44.32.200.212:5004/auto/v12,Entertainment,Australia,English,,Entertainment,drama
10 Comedy,http://44.32.200.212:5004/auto/v11,Entertainment,Australia,English,,Entertainment,comedy
Nickelodeon,http://44.32.200.212:5004/auto/v13,Kids,Australia,English,,Kids,kids
You TV,http://44.32.200.212:5004/auto/v16,Entertainment,Australia,English,,Entertainment,entertainment
Gecko,http://44.32.200.212:5004/auto/v17,Kids,Australia,English,,Kids,kids
7 Network,http://115.69.40.212:55555/7HD%20Newcastle,General,Australia,English,,General,general
7two,http://44.32.200.212:5004/auto/v72,General,Australia,English,,General,general
7mate,http://115.69.40.212:55555/7mateHD%20Newcastle,Entertainment,Australia,English,,Entertainment,entertainment
7flix,http://115.69.40.212:55555/7flix,Movies,Australia,English,,Movies,movies
7bravo,http://115.69.40.212:55555/7bravo,Entertainment,Australia,English,,Entertainment,entertainment
Racing.com,https://racingvic-i.akamaized.net/hls/live/598695/racingvic/index1500.m3u8,Sports,Australia,English,,Sports,"sports,racing"
TVSN,https://tvsnhlslivetest.akamaized.net/hls/live/2034711/TVSN-MSL4/master.m3u8,Shopping,Australia,English,,Shopping,shopping
9 Network,http://115.69.40.212:55555/9HD%20Newcastle,General,Australia,English,,General,general
9Go!,http://115.69.40.212:55555/9Go!%20Newcastle,Entertainment,Australia,English,,Entertainment,entertainment
9Gem,http://115.69.40.212:55555/9GemHD%20Newcastle,Entertainment,Australia,English,,Entertainment,entertainment
9Life,http://115.69.40.212:55555/9Life%20Newcastle,Lifestyle,Australia,English,,Lifestyle,lifestyle
9Rush,http://44.32.200.212:5004/auto/v96,Entertainment,Australia,English,,Entertainment,entertainment
VRT 1,http://192.145.57.85:9981/stream/channelid/2124641217?profile=pass,General,Belgium,Dutch,,General,"public,general"
VRT Canvas,http://192.145.57.85:9981/stream/channelid/288829476?profile=pass,Culture,Belgium,Dutch,,Culture,"culture,public"
Ketnet,http://192.145.57.85:9981/stream/channelid/1372631070?profile=pass,Kids,Belgium,Dutch,,Kids,"kids,public"
La Une,http://94.140.179.76:9981/stream/channelid/811293455?profile=pass,General,Belgium,French,,General,"general,public"
La Trois,http://94.140.179.76:9981/stream/channelid/1504907165?profile=pass,Culture,Belgium,French,,Culture,"culture,public"
VTM,https://dpp-live-events.medialaancdn.be/events/hls/aes/webstream1.m3u8,General,Belgium,Dutch,,General,general
VTM 2,http://94.140.179.76:9981/stream/channelid/797606576?profile=pass,General,Belgium,Dutch,,General,general
Play4,http://94.140.179.76:9981/stream/channelid/1055186061?profile=pass,Entertainment,Belgium,Dutch,,Entertainment,entertainment
Play5,http://94.140.179.76:9981/stream/channelid/1264893039?profile=pass,Entertainment,Belgium,Dutch,,Entertainment,entertainment
RTL TVI,https://tvi-live-hls.akamaized.net/hls/live/2038650/TVI-Live-HLS/master.m3u8,General,Belgium,French,,General,general
Belsat,http://78.56.193.170:9981/stream/channelid/358696833?profile=pass,News,Belarus,Belarusian,,News,news
BHT 1 HD,https://mob.webtvstream.bhtelecom.ba/hls13/bhrtportal_hd_1200.m3u8,General,Bosnia,Bosnian,HD,General,"public,general"
Arena 1X2 HD,http://31.47.28.102:8000/play/a00c,Sports,Bosnia,Bosnian,HD,Sports,sports
Arena Fight HD,http://31.47.28.102:8000/play/a00x,Sports,Bosnia,Bosnian,HD,Sports,"sports,mma"
Arena Sport 1 HD,http://31.47.28.102:8000/play/a002,Sports,Bosnia,Bosnian,HD,Sports,sports
Arena Sport 2 HD,http://31.47.28.102:8000/play/a003,Sports,Bosnia,Bosnian,HD,Sports,sports
Arena Sport 3 HD,http://31.47.28.102:8000/play/a004,Sports,Bosnia,Bosnian,HD,Sports,sports
Arena Sport 4 HD,http://31.47.28.102:8000/play/a005,Sports,Bosnia,Bosnian,HD,Sports,sports
Arena Sport 5 HD,http://31.47.28.102:8000/play/a006,Sports,Bosnia,Bosnian,HD,Sports,sports
Arena Sport 6 HD,http://31.47.28.102:8000/play/a007,Sports,Bosnia,Bosnian,HD,Sports,sports
Arena Sport Premium 1 HD,http://31.47.28.102:8000/play/a008,Sports,Bosnia,Bosnian,HD,Sports,"sports,premium"
Arena Sport Premium 2 HD,http://31.47.28.102:8000/play/a00a,Sports,Bosnia,Bosnian,HD,Sports,"sports,premium"
Arena Sport Premium 3 HD,http://31.47.28.102:8000/play/a00b,Sports,Bosnia,Bosnian,HD,Sports,"sports,premium"
BNT 1,http://213.169.39.30:5086/,General,Bulgaria,Bulgarian,,General,"public,general"
BNT 2,http://213.169.39.30:5124/,General,Bulgaria,Bulgarian,,General,"public,general"
BNT 3,http://213.169.39.30:5144/,Culture,Bulgaria,Bulgarian,,Culture,"culture,public"
TV Cultura,https://player-tvcultura.stream.uol.com.br/live/tvcultura.m3u8,General,Brazil,Portuguese,,General,"public,general"
SBT,http://143.244.35.74:8880/IgorRangelXX/IgorRangel3/7179,General,Brazil,Portuguese,,General,general
Globo,http://200.77.176.130:8000/udp/224.0.0.1:49152,General,Brazil,Portuguese,,General,general
Record,http://200.77.176.130:8000/udp/224.0.0.4:49152,General,Brazil,Portuguese,,General,general
BAND,http://143.244.35.74:8880/IgorRangelXX/IgorRangel3/7188,General,Brazil,Portuguese,,General,general
Rede TV!,http://143.244.35.74:8880/IgorRangelXX/IgorRangel3/26406,General,Brazil,Portuguese,,General,general
Adult Swim,http://143.244.35.74:8880/IgorRangelXX/IgorRangel3/60667,Entertainment,Brazil,Portuguese,,Entertainment,"animation,adult"
TNT,http://143.244.35.74:8880/IgorRangelXX/IgorRangel3/36121,Entertainment,Brazil,Portuguese,,Entertainment,"movies,series"
TNT Series,http://143.244.35.74:8880/IgorRangelXX/IgorRangel3/60668,Entertainment,Brazil,Portuguese,,Entertainment,series
TNT Novelas,http://143.244.35.74:8880/IgorRangelXX/IgorRangel3/60678,Entertainment,Brazil,Portuguese,,Entertainment,telenovela
AMC,http://143.244.35.74:8880/IgorRangelXX/IgorRangel3/26421,Entertainment,Brazil,Portuguese,,Entertainment,"movies,series"
TLC,http://143.244.35.74:8880/IgorRangelXX/IgorRangel3/60671,Lifestyle,Brazil,Portuguese,,Lifestyle,lifestyle
HGTV,http://143.244.35.74:8880/IgorRangelXX/IgorRangel3/26424,Lifestyle,Brazil,Portuguese,,Lifestyle,"home,garden"
Investigation Discovery,http://143.244.35.74:8880/IgorRangelXX/IgorRangel3/60760,Entertainment,Brazil,Portuguese,,Entertainment,"crime,documentary"
Discovery Turbo,http://143.244.35.74:8880/IgorRangelXX/IgorRangel3/7146,Entertainment,Brazil,Portuguese,,Entertainment,"cars,documentary"
Paramount Network,http://143.244.35.74:8880/IgorRangelXX/IgorRangel3/60725,Entertainment,Brazil,Portuguese,,Entertainment,"movies,series"
Discovery Theater,http://143.244.35.74:8880/IgorRangelXX/IgorRangel3/60776,Documentary,Brazil,Portuguese,,Documentary,documentary
Discovery World,http://143.244.35.74:8880/IgorRangelXX/IgorRangel3/7145,Documentary,Brazil,Portuguese,,Documentary,documentary
Discovery Home and Health,http://143.244.35.74:8880/IgorRangelXX/IgorRangel3/22263,Lifestyle,Brazil,Portuguese,,Lifestyle,"health,lifestyle"
Discovery Kids,http://143.244.35.74:8880/IgorRangelXX/IgorRangel3/26426,Kids,Brazil,Portuguese,,Kids,kids
Discovery Science,http://143.244.35.74:8880/IgorRangelXX/IgorRangel3/60773,Documentary,Brazil,Portuguese,,Documentary,"science,documentary"
Food Network,http://143.244.35.74:8880/IgorRangelXX/IgorRangel3/13723,Lifestyle,Brazil,Portuguese,,Lifestyle,"food,lifestyle"
CNN Brasil,http://143.244.35.74:8880/IgorRangelXX/IgorRangel3/28739,News,Brazil,Portuguese,,News,news
TV Brasil,https://tvbrasil-stream.ebc.com.br/index.m3u8,General,Brazil,Portuguese,,General,"public,general"
Canal Gov,https://canalgov-stream.ebc.com.br/index.m3u8,General,Brazil,Portuguese,,General,"government,public"
Gloob,http://143.244.35.74:8880/IgorRangelXX/IgorRangel3/7155,Kids,Brazil,Portuguese,,Kids,kids
Gloobinho,http://143.244.35.74:8880/IgorRangelXX/IgorRangel3/22196,Kids,Brazil,Portuguese,,Kids,kids
GNT,http://143.244.35.74:8880/IgorRangelXX/IgorRangel3/13770,Lifestyle,Brazil,Portuguese,,Lifestyle,lifestyle
Multishow,http://143.244.35.74:8880/IgorRangelXX/IgorRangel3/46178,Entertainment,Brazil,Portuguese,,Entertainment,entertainment
Globo News,http://143.244.35.74:8880/IgorRangelXX/IgorRangel3/7156,News,Brazil,Portuguese,,News,news
Globoplay Novelas,http://143.244.35.74:8880/IgorRangelXX/IgorRangel3/7152,Entertainment,Brazil,Portuguese,,Entertainment,telenovela
BIS,http://143.244.35.74:8880/IgorRangelXX/IgorRangel3/7162,Music,Brazil,Portuguese,,Music,music
Arte1,http://143.244.35.74:8880/IgorRangelXX/IgorRangel3/60674,Culture,Brazil,Portuguese,,Culture,"arts,culture"
BAND News,http://143.244.35.74:8880/IgorRangelXX/IgorRangel3/7150,News,Brazil,Portuguese,,News,news
Nickelodeon (BR),http://143.244.35.74:8880/IgorRangelXX/IgorRangel3/7141,Kids,Brazil,Portuguese,,Kids,kids
Nick Jr,http://143.244.35.74:8880/IgorRangelXX/IgorRangel3/60732,Kids,Brazil,Portuguese,,Kids,kids
Megapix,http://143.244.35.74:8880/IgorRangelXX/IgorRangel3/13720,Movies,Brazil,Portuguese,,Movies,movies
Space,http://143.244.35.74:8880/IgorRangelXX/IgorRangel3/36122,Entertainment,Brazil,Portuguese,,Entertainment,"series,movies"
Sportv,http://143.244.35.74:8880/IgorRangelXX/IgorRangel3/2189,Sports,Brazil,Portuguese,,Sports,sports
Sportv 2,http://143.244.35.74:8880/IgorRangelXX/IgorRangel3/22222,Sports,Brazil,Portuguese,,Sports,sports
Sportv 3,http://143.244.35.74:8880/IgorRangelXX/IgorRangel3/7153,Sports,Brazil,Portuguese,,Sports,sports
Studio Universal,http://143.244.35.74:8880/IgorRangelXX/IgorRangel3/60684,Movies,Brazil,Portuguese,,Movies,movies
Canal Saude,https://eitv7.cdn.broadpeak.io/account351-i1495/event/canalsaude/format720p.m3u8,Lifestyle,Brazil,Portuguese,,Lifestyle,health
Canal Rural,https://607d2a1a47b1f.streamlock.net/crur/smil:canalrural.smil/playlist.m3u8,Lifestyle,Brazil,Portuguese,,Lifestyle,agriculture
APTN,http://38.143.48.212:9981/stream/channelid/818444930?profile=pass,General,Canada,English,,General,"indigenous,general"
Bravo (CA),http://38.143.48.212:9981/stream/channelid/1866338186?profile=pass,Entertainment,Canada,English,,Entertainment,"arts,entertainment"
Cartoon Network (CA),http://38.143.48.212:9981/stream/channelid/1520310405?profile=pass,Kids,Canada,English,,Kids,"kids,cartoons"
CBC Ottawa (CBOT),http://38.143.48.212:9981/stream/channelid/677345170?profile=pass,General,Canada,English,,General,"public,general"
CBC News Network,http://38.143.48.212:9981/stream/channelid/1944859004?profile=pass,News,Canada,English,,News,"news,public"
CHCH,http://38.143.48.212:9981/stream/channelid/834583504?profile=pass,General,Canada,English,,General,general
CHEK,https://livecdn.use1-0004.jwplive.com/live/sites/HGOnqYhO/media/i9sjcGbc/live.isml/.mpd,General,Canada,English,,General,regional
CityTV (CA),http://38.143.48.212:9981/stream/channelid/2009202451?profile=pass,General,Canada,English,,General,general
CPAC,http://38.143.48.212:9981/stream/channelid/1514524920?profile=pass,General,Canada,English,,General,"politics,public"
CTV News Channel,http://38.143.48.212:9981/stream/channelid/1877863586?profile=pass,News,Canada,English,,News,news
CTV Comedy,http://38.143.48.212:9981/stream/channelid/874242496?profile=pass,Entertainment,Canada,English,,Entertainment,comedy
CTV Drama,http://38.143.48.212:9981/stream/channelid/133843306?profile=pass,Entertainment,Canada,English,,Entertainment,drama
CTV Nature,http://38.143.48.212:9981/stream/channelid/1405285984?profile=pass,Documentary,Canada,English,,Documentary,"nature,documentary"
CTV Speed,http://38.143.48.212:9981/stream/channelid/587702128?profile=pass,Entertainment,Canada,English,,Entertainment,motorsport
CTV Sci Fi,http://38.143.48.212:9981/stream/channelid/191789153?profile=pass,Entertainment,Canada,English,,Entertainment,scifi
CTV Wild,http://38.143.48.212:9981/stream/channelid/2101272479?profile=pass,Documentary,Canada,English,,Documentary,"nature,wildlife"
CTV Winnipeg (CKY),http://38.143.48.212:9981/stream/channelid/741174107?profile=pass,General,Canada,English,,General,regional
Deja View,http://38.143.48.212:9981/stream/channelid/1478849894?profile=pass,Entertainment,Canada,English,,Entertainment,"classic,retro"
DTOUR,http://38.143.48.212:9981/stream/channelid/1459580512?profile=pass,Lifestyle,Canada,English,,Lifestyle,"travel,lifestyle"
Discovery Channel (CA),http://38.143.48.212:9981/stream/channelid/686709663?profile=pass,Documentary,Canada,English,,Documentary,documentary
Food Network (CA),http://38.143.48.212:9981/stream/channelid/1724607227?profile=pass,Lifestyle,Canada,English,,Lifestyle,food
FX Canada,http://38.143.48.212:9981/stream/channelid/1924145856?profile=pass,Entertainment,Canada,English,,Entertainment,"series,movies"
Global Toronto (CIII),http://38.143.48.212:9981/stream/channelid/41831820?profile=pass,General,Canada,English,,General,general
History (CA),http://38.143.48.212:9981/stream/channelid/399303638?profile=pass,Documentary,Canada,English,,Documentary,history
HGTV (CA),http://38.143.48.212:9981/stream/channelid/340929362?profile=pass,Lifestyle,Canada,English,,Lifestyle,"home,garden"
Knowledge Network,https://d1wal6k3d7ssin.cloudfront.net/out/v1/ea91db0906c847a4931b46a9ec36e77b/index.m3u8,Educational,Canada,English,,Educational,education
Lifetime TV (CA),http://38.143.48.212:9981/stream/channelid/1090723913?profile=pass,Entertainment,Canada,English,,Entertainment,drama
Movie Time,http://38.143.48.212:9981/stream/channelid/1403847081?profile=pass,Movies,Canada,English,,Movies,movies
Much,http://38.143.48.212:9981/stream/channelid/1454901099?profile=pass,Music,Canada,English,,Music,music
National Geographic (CA),http://38.143.48.212:9981/stream/channelid/1422297878?profile=pass,Documentary,Canada,English,,Documentary,"documentary,nature"
Slice,http://38.143.48.212:9981/stream/channelid/1542245415?profile=pass,Lifestyle,Canada,English,,Lifestyle,lifestyle
Smithsonian Channel,http://38.143.48.212:9981/stream/channelid/254901251?profile=pass,Documentary,Canada,English,,Documentary,documentary
Sportsnet 360,http://38.143.48.212:9981/stream/channelid/1618628267?profile=pass,Sports,Canada,English,,Sports,sports
Sportsnet One,http://38.143.48.212:9981/stream/channelid/390027408?profile=pass,Sports,Canada,English,,Sports,sports
Sportsnet Pacific,http://38.143.48.212:9981/stream/channelid/1546770827?profile=pass,Sports,Canada,English,,Sports,sports
Treehouse,http://38.143.48.212:9981/stream/channelid/704089388?profile=pass,Kids,Canada,English,,Kids,kids
TSN 1,http://38.143.48.212:9981/stream/channelid/1102959901?profile=pass,Sports,Canada,English,,Sports,sports
TSN 2,http://fl5.moveonjoy.com/TSN_2/index.m3u8,Sports,Canada,English,,Sports,sports
TSN 3,http://38.143.48.212:9981/stream/channelid/139110812?profile=pass,Sports,Canada,English,,Sports,sports
TSN 4,http://38.143.48.212:9981/stream/channelid/1776294404?profile=pass,Sports,Canada,English,,Sports,sports
TSN 5,http://38.143.48.212:9981/stream/channelid/1415594724?profile=pass,Sports,Canada,English,,Sports,sports
TVO,http://38.143.48.212:9981/stream/channelid/984041359?profile=pass,Educational,Canada,English,,Educational,"education,public"
W Network,http://38.143.48.212:9981/stream/channelid/1265777165?profile=pass,Entertainment,Canada,English,,Entertainment,entertainment
Weather Network,http://38.143.48.212:9981/stream/channelid/524858336?profile=pass,Weather,Canada,English,,Weather,weather
La Red,http://38.250.127.17:9800/play/a09n/index.m3u8,General,Chile,Spanish,,General,general
Chilevision,http://38.7.195.43:8000/play/a02g,General,Chile,Spanish,,General,general
CHV Noticias,http://38.7.195.43:8000/play/a02i,News,Chile,Spanish,,News,news
MEGA (CL),http://38.250.127.17:9800/play/a066/index.m3u8,General,Chile,Spanish,,General,general
MEGA 2,http://38.7.195.43:8000/play/a028,General,Chile,Spanish,,General,general
MEGA Tiempo,http://38.7.195.43:8000/play/a0v3,Weather,Chile,Spanish,,Weather,weather
MEGA Ficcion,http://38.7.195.43:8000/play/a0v4,Entertainment,Chile,Spanish,,Entertainment,"series,drama"
El 13,http://38.7.195.43:8000/play/a02k,General,Chile,Spanish,,General,general
Teletrece,http://38.7.195.43:8000/play/a02m,News,Chile,Spanish,,News,news
13C,http://38.7.195.43:8000/play/a02o,Entertainment,Chile,Spanish,,Entertainment,entertainment
ETC,http://181.78.201.70:8000/play/a0tu/index.m3u8,Entertainment,Chile,Spanish,,Entertainment,entertainment
CNN Chile,http://138.36.253.13:8008/play/a00k/index.m3u8,News,Chile,Spanish,,News,news
CCTV-1,http://58.19.180.108:9981/stream/channelid/1198995092?profile=pass,General,China,Mandarin,,General,"public,general"
CCTV-2,http://58.19.180.108:9981/stream/channelid/980211261?profile=pass,Business,China,Mandarin,,Business,"business,finance"
CCTV-3,http://58.19.180.108:9981/stream/channelid/188040143?profile=pass,Entertainment,China,Mandarin,,Entertainment,entertainment
CCTV-5,http://58.19.180.108:9981/stream/channelid/908622330?profile=pass,Sports,China,Mandarin,,Sports,sports
CCTV-6,http://58.19.180.108:9981/stream/channelid/115694977?profile=pass,Movies,China,Mandarin,,Movies,movies
CCTV-7,http://58.19.180.108:9981/stream/channelid/499001205?profile=pass,General,China,Mandarin,,General,"military,agriculture"
CCTV-8,http://58.19.180.108:9981/stream/channelid/1123874386?profile=pass,Entertainment,China,Mandarin,,Entertainment,"drama,series"
CCTV-9,http://58.19.180.108:9981/stream/channelid/1681394297?profile=pass,Documentary,China,Mandarin,,Documentary,documentary
CCTV-10,http://58.19.180.108:9981/stream/channelid/197590532?profile=pass,Educational,China,Mandarin,,Educational,"science,education"
CCTV-11,http://58.19.180.108:9981/stream/channelid/550290687?profile=pass,Culture,China,Mandarin,,Culture,"opera,culture"
CCTV-12,http://58.19.180.108:9981/stream/channelid/857624678?profile=pass,General,China,Mandarin,,General,"legal,social"
CCTV-13,http://58.19.180.108:9981/stream/channelid/876545399?profile=pass,News,China,Mandarin,,News,news
CCTV-14,http://58.19.180.108:9981/stream/channelid/446310281?profile=pass,Kids,China,Mandarin,,Kids,kids
RCN,http://162.207.11.109:9981/stream/channelid/96275356?profile=pass,General,Colombia,Spanish,,General,general
RCN Novelas,http://162.207.11.109:9981/stream/channelid/247677504?profile=pass,Entertainment,Colombia,Spanish,,Entertainment,telenovela
CityTV (CO),http://162.207.11.109:9981/stream/channelid/1037732737?profile=pass,General,Colombia,Spanish,,General,general
Caracol,http://38.250.127.17:9800/play/a05v/index.m3u8,General,Colombia,Spanish,,General,general
Win Sports,http://38.250.127.17:9800/play/a0ae/index.m3u8,Sports,Colombia,Spanish,,Sports,sports
Repretel 6,http://201.237.193.180:9981/stream/channelid/1914694040?profile=pass,General,Costa Rica,Spanish,,General,general
Teletica,http://201.237.193.180:9981/stream/channelid/2039568413?profile=pass,General,Costa Rica,Spanish,,General,general
Canal 8,http://201.237.193.180:9981/stream/channelid/2109973730?profile=pass,General,Costa Rica,Spanish,,General,general
Repretel 11,http://201.237.193.180:9981/stream/channelid/220443661?profile=pass,General,Costa Rica,Spanish,,General,general
HRT 1 HD,https://bpcdnmanprod.nexttv.ht.hr/bpk-tv/HRT1/default/index.mpd,General,Croatia,Croatian,HD,General,"public,general"
HRT 2 HD,https://bpcdnmanprod.nexttv.ht.hr/bpk-tv/HRT2/default/index.mpd,General,Croatia,Croatian,HD,General,"public,general"
HRT 3 HD,https://bpcdnmanprod.nexttv.ht.hr/bpk-tv/HRT3/default/index.mpd,Culture,Croatia,Croatian,HD,Culture,"culture,public"
HRT 4 HD,https://bpcdnmanprod.nexttv.ht.hr/bpk-tv/HRT4/default/index.mpd,General,Croatia,Croatian,HD,General,"public,general"
RTL Televizija HD,https://bpcdnmanprod.nexttv.ht.hr/bpk-tv/RTL/default/index.mpd,General,Croatia,Croatian,HD,General,general
RTL 2 HD,https://bpcdnmanprod.nexttv.ht.hr/bpk-tv/RTL2/default/index.mpd,Entertainment,Croatia,Croatian,HD,Entertainment,entertainment
Nova HD,https://live.s2.cyn.cz/Nova/video.m3u8,General,Czech Republic,Czech,HD,General,general
Doma HD,https://live.s2.cyn.cz/Doma/video.m3u8,Entertainment,Croatia,Croatian,HD,Entertainment,entertainment
MAXtv Promo HD,https://bpcdnmanprod.nexttv.ht.hr/bpk-tv/Promo/default/index.mpd,General,Croatia,Croatian,HD,General,promo
N1 info HR (CNN Croatia),https://best-str.umn.cdn.united.cloud/stream?stream=sp1400&sp=n1info&channel=n1hrv&u=n1info&p=n1Sh4redSecre7iNf0&player=m3u8,News,Croatia,Croatian,,News,news
RIK 1,http://31.121.110.30:4000/play/a023/index.m3u8,General,Cyprus,Greek,,General,"public,general"
RIK 2,http://31.121.110.30:4000/play/a024/index.m3u8,General,Cyprus,Greek,,General,"public,general"
Sigma,http://31.121.110.30:4000/play/a025/index.m3u8,General,Cyprus,Greek,,General,general
Disney Channel (CZ),https://webstream.odjezdy.online/CZ/Disney/video.m3u8,Kids,Czech Republic,Czech,,Kids,kids
TV Prima,http://90.178.86.156:9981/stream/channelid/1669214446?ticket=BDA09228D9A1E3C5444CB168C684A21C7FE37A29&profile=pass,General,Czech Republic,Czech,,General,general
Prima COOL,https://webstream.odjezdy.online/CZ/PrimaCool/video.m3u8,Entertainment,Czech Republic,Czech,,Entertainment,entertainment
Prima KRIMI,http://90.178.86.156:9981/stream/channelid/434374074?ticket=7C393BCECE5427E6BEB3714B4C4B220EC2D33EB5&profile=pass,Entertainment,Czech Republic,Czech,,Entertainment,crime
Prima SHOW,http://90.178.86.156:9981/stream/channelid/748255433?ticket=216B5B41838A2332296FA05EDB09FA11B1A155EE&profile=pass,Entertainment,Czech Republic,Czech,,Entertainment,entertainment
OCKO,http://90.178.86.156:9981/stream/channelid/1183792288?ticket=6CE25AF67B8D74983939FCF3B123AD08A5B0BAE8&profile=pass,Music,Czech Republic,Czech,,Music,music
OCKO STAR,http://90.178.86.156:9981/stream/channelid/1340646702?ticket=6A7ED7E2087641A202EA744A9DE44B07A2EE2FAC&profile=pass,Music,Czech Republic,Czech,,Music,music
CNN Prima News,http://90.178.86.156:9981/stream/channelid/1443888704?ticket=B2AC43F9C197099EE2A723A8B5D26A8402094755&profile=pass,News,Czech Republic,Czech,,News,news
TV Barrandov,http://90.178.86.156:9981/stream/channelid/1149773228?ticket=56A407B3D9D49568B131C27B70C4B903FD070FE5&profile=pass,General,Czech Republic,Czech,,General,general
Barrandov KRIMI,http://90.178.86.156:9981/stream/channelid/63674077?ticket=3DD9B00FA8EDFD57654A69FCCB425D310F46D234&profile=pass,Entertainment,Czech Republic,Czech,,Entertainment,crime
Barrandov KINO,http://90.178.86.156:9981/stream/channelid/468144232?ticket=08EE87AD25F9FBE538875ECAE79A083364326C74&profile=pass,Movies,Czech Republic,Czech,,Movies,movies
DR 1,http://185.233.253.71:9981/stream/channelid/1999834189?ticket=1C67C731CBEF27AE64AC0517124F32C9D9C43384&profile=pass,General,Denmark,Danish,,General,"public,general"
DR 2,http://86.52.58.131:9981/stream/channelid/931180474?profile=pass,General,Denmark,Danish,,General,"public,general"
DR Ramasjang,http://185.233.253.71:9981/stream/channelid/605743331?ticket=754F2A0D14680CEC6B65AADE53515A6A9FE159DC&profile=pass,Kids,Denmark,Danish,,Kids,"kids,public"
BBC Nordic,http://86.52.58.131:9981/stream/channelid/982754499?profile=pass,General,Denmark,English,,General,general
TV2 (DK),http://185.233.253.71:9981/stream/channelid/1749613619?ticket=40BFADF5E8CB95789B9CCD3A77283FD5B3348054&profile=pass,General,Denmark,Danish,,General,general
TV3 (DK),http://185.233.253.71:9981/stream/channelid/1242761804?ticket=5B8C6AE6630DB4AE3793BB7EFC0BAE457D030189&profile=pass,Entertainment,Denmark,Danish,,Entertainment,entertainment
TV3 Plus (DK),http://185.233.253.71:9981/stream/channelid/1576049852?ticket=BC98741F1437DD6824CA9FCD4161F58550931462&profile=pass,Entertainment,Denmark,Danish,,Entertainment,entertainment
See,http://185.233.253.71:9981/stream/channelid/1998147007?ticket=BD6BD8635E84A7AC2D2E7A9C0D43AF71254AD14F&profile=pass,Entertainment,Denmark,Danish,,Entertainment,entertainment
dk4,http://185.233.253.71:9981/stream/channelid/1957480935?ticket=12EAEA967B466D55D5A9C1976A074350E5778DD7&profile=pass,General,Denmark,Danish,,General,general
TV2 Charlie,http://185.233.253.71:9981/stream/channelid/1211268929?ticket=D2D47C6AD1C4AAD8118869946A20235947B2089A&profile=pass,Entertainment,Denmark,Danish,,Entertainment,entertainment
TV2 News,http://185.233.253.71:9981/stream/channelid/931172941?ticket=49AFCD397616AE72DE88BCC2EA95E825780800B9&profile=pass,News,Denmark,Danish,,News,news
Disney Channel (DK),http://185.233.253.71:9981/stream/channelid/57476629?ticket=49EC5B3EB9B3E059206A2189D2605A2A501DE3C1&profile=pass,Kids,Denmark,Danish,,Kids,kids
ETV,http://84.50.161.79:9981/stream/channelid/102111302?ticket=D9DC0134FD558A4AB7700F58FDCF5B3C104B0D06&profile=pass,General,Estonia,Estonian,,General,"public,general"
ETV 2,http://84.50.161.79:9981/stream/channelid/1803810842?ticket=77888221B66C933CAC1ADF333A20A8D6CD637E5B&profile=pass,General,Estonia,Estonian,,General,"public,general"
ETV +,http://84.50.161.79:9981/stream/channelid/1005622334?ticket=5EE18E8DB1F5670AC7337D8CA211F09639D3C40C&profile=pass,General,Estonia,Russian,,General,"public,russian"
TV3 (EE),http://84.50.161.79:9981/stream/channelid/647532614?ticket=692741F8E05D31A538487995158C3F9EA9D382A6&profile=pass,General,Estonia,Estonian,,General,general
Kanal 2,http://84.50.161.79:9981/stream/channelid/598248126?ticket=BAC8C3E854BA45EC12151B21EF3A060EB23CEF41&profile=pass,General,Estonia,Estonian,,General,general
KVF 1,https://w-live-edge1.kringvarp.fo/uttanlands/_definst_/smil:uttanlands.smil/chunklist_w676428681_b804000_slfao.m3u8,General,Faroe Islands,Faroese,,General,"public,general"
Yle TV1,http://88.86.133.164:9981/stream/channelid/1310432328?profile=matroska,General,Finland,Finnish,,General,"public,general"
Yle TV2,http://88.86.133.164:9981/stream/channelid/1539655346?profile=matroska,General,Finland,Finnish,,General,"public,general"
MTV3,http://88.86.133.164:9981/stream/channelid/590688323?profile=matroska,General,Finland,Finnish,,General,general
Nelonen,http://88.86.133.164:9981/stream/channelid/2000720401?profile=matroska,General,Finland,Finnish,,General,general
Yle Teema & Fam,http://88.86.133.164:9981/stream/channelid/1156247623?profile=matroska,Culture,Finland,Finnish,,Culture,"culture,family,public"
MTV Sub,http://88.86.133.164:9981/stream/channelid/1465356632?profile=matroska,Entertainment,Finland,Finnish,,Entertainment,entertainment
TV5 (FI),http://88.86.133.164:9981/stream/channelid/819147108?profile=matroska,Entertainment,Finland,Finnish,,Entertainment,entertainment
Kutonen,http://88.86.133.164:9981/stream/channelid/866295582?profile=matroska,Entertainment,Finland,Finnish,,Entertainment,entertainment
TLC (FI),http://88.86.133.164:9981/stream/channelid/515715009?profile=matroska,Lifestyle,Finland,English,,Lifestyle,lifestyle
Star Channel (FI),http://88.86.133.164:9981/stream/channelid/1454785063?profile=matroska,Entertainment,Finland,English,,Entertainment,"series,movies"
National Geographic (FI),http://88.86.133.164:9981/stream/channelid/231553848?profile=matroska,Documentary,Finland,English,,Documentary,documentary
MTV Uutiset,https://live.streaming.a2d.tv/asset/20025962.isml/.m3u8,News,Finland,Finnish,,News,news
TF1,http://176.65.146.138:8047/play/a074/index.m3u8,General,France,French,,General,general
France 2,http://176.65.146.138:8047/play/a07e/index.m3u8,General,France,French,,General,"public,general"
France 3,http://176.65.146.138:8047/play/a07h/index.m3u8,Regional,France,French,,Regional,"regional,public"
France 4,http://176.65.146.138:8047/play/a07f/index.m3u8,Entertainment,France,French,,Entertainment,"entertainment,public"
France 5,http://176.65.146.138:8047/play/a07l/index.m3u8,Documentary,France,French,,Documentary,"documentary,public"
M6,http://176.65.146.138:8047/play/a07i/index.m3u8,General,France,French,,General,general
Arte,http://176.65.146.138:8047/play/a07k/index.m3u8,Culture,France,French,,Culture,"arts,culture"
W9,http://176.65.146.138:8047/play/a07j/index.m3u8,Entertainment,France,French,,Entertainment,entertainment
TFX,http://176.65.146.138:8047/play/a077/index.m3u8,Entertainment,France,French,,Entertainment,entertainment
TF1 Séries Films,http://176.65.146.138:8047/play/a079/index.m3u8,Movies,France,French,,Movies,"movies,series"
TMC,http://176.65.146.138:8047/play/a076/index.m3u8,Entertainment,France,French,,Entertainment,entertainment
Gulli,https://viamotionhsi.netplus.ch/live/eds/gulli/browser-HLS8/gulli.m3u8,Kids,France,French,,Kids,kids
6ter,http://176.65.146.138:8047/play/a07m/index.m3u8,Entertainment,France,French,,Entertainment,entertainment
LCI,http://176.65.146.138:8047/play/a075/index.m3u8,News,France,French,,News,news
France Info,http://176.65.146.138:8047/play/a07g/index.m3u8,News,France,French,,News,"news,public"
AB1,https://viamotionhsi.netplus.ch/live/eds/ab1/browser-dash/ab1.mpd,Entertainment,France,French,,Entertainment,series
AB3,https://viamotionhsi.netplus.ch/live/eds/ab3/browser-dash/ab3.mpd,Entertainment,France,French,,Entertainment,series
RMC Life,http://176.65.146.138:8047/play/a07b/index.m3u8,Lifestyle,France,French,,Lifestyle,lifestyle
BFM2,https://d1ib1gsg71oarf.cloudfront.net/v1/master/3722c60a815c199d9c0ef36c5b73da68a62b09d1/cc-scp7wda722jph/BFM2_FR.m3u8,News,France,French,,News,news
Pirveli Arkhi (1TV),https://tv.cdn.xsg.ge/gpb-1tv/index.m3u8,General,Georgia,Georgian,,General,"public,general"
Pirveli Arkhi Sporti (1TV Sport),https://tv.cdn.xsg.ge/gpb-2tv/index.m3u8,Sports,Georgia,Georgian,,Sports,"sports,public"
Imedi,https://tv.cdn.xsg.ge/imedihd/index.m3u8,General,Georgia,Georgian,,General,general
Das Erste,https://viamotionhsi.netplus.ch/live/eds/daserstehd/browser-dash/daserstehd.mpd,General,Germany,German,,General,"public,general"
ZDF,https://viamotionhsi.netplus.ch/live/eds/zdfhd/browser-dash/zdfhd.mpd,General,Germany,German,,General,"public,general"
RTL (DE),https://viamotionhsi.netplus.ch/live/eds/rtl/browser-dash/rtl.mpd,General,Germany,German,,General,general
RTL Zwei,https://viamotionhsi.netplus.ch/live/eds/rtl2/browser-dash/rtl2.mpd,Entertainment,Germany,German,,Entertainment,entertainment
VOX,https://viamotionhsi.netplus.ch/live/eds/vox/browser-dash/vox.mpd,Entertainment,Germany,German,,Entertainment,entertainment
NITRO,https://viamotionhsi.netplus.ch/live/eds/rtlnitro/browser-dash/rtlnitro.mpd,Entertainment,Germany,German,,Entertainment,entertainment
RTL Super,https://viamotionhsi.netplus.ch/live/eds/superrtl/browser-dash/superrtl.mpd,Kids,Germany,German,,Kids,kids
ProSieben,http://85.187.13.40:18000/ProSieben,General,Germany,German,,General,general
Tele 5,https://viamotionhsi.netplus.ch/live/eds/tele5/browser-dash/tele5.mpd,Entertainment,Germany,German,,Entertainment,movies
ZDFneo,https://viamotionhsi.netplus.ch/live/eds/zdfneohd/browser-dash/zdfneohd.mpd,Entertainment,Germany,German,,Entertainment,"entertainment,public"
ZDFinfo,https://viamotionhsi.netplus.ch/live/eds/zdfinfohd/browser-dash/zdfinfohd.mpd,Documentary,Germany,German,,Documentary,"documentary,public"
MDR,https://viamotionhsi.netplus.ch/live/eds/mdr/browser-dash/mdr.mpd,Regional,Germany,German,,Regional,"regional,public"
RBB,https://viamotionhsi.netplus.ch/live/eds/rbb/browser-dash/rbb.mpd,Regional,Germany,German,,Regional,"regional,public"
SWR BR,https://viamotionhsi.netplus.ch/live/eds/swrbr/browser-dash/swrbw.mpd,Regional,Germany,German,,Regional,"regional,public"
Phoenix,https://viamotionhsi.netplus.ch/live/eds/phoenix/browser-dash/phoenix.mpd,News,Germany,German,,News,"news,documentary,public"
KIKA,https://viamotionhsi.netplus.ch/live/eds/kika/browser-dash/kika.mpd,Kids,Germany,German,,Kids,"kids,public"
Eurosport Deutschland,https://viamotionhsi.netplus.ch/live/eds/eurosportde/browser-dash/eurosportde.mpd,Sports,Germany,German,,Sports,sports
Sport 1,https://viamotionhsi.netplus.ch/live/eds/sport1/browser-dash/sport1.mpd,Sports,Germany,German,,Sports,sports
ARD Alpha,https://viamotionhsi.netplus.ch/live/eds/bralpha/browser-dash/bralpha.mpd,Educational,Germany,German,,Educational,"education,public"
n-tv,https://viamotionhsi.netplus.ch/live/eds/ntv/browser-dash/ntv.mpd,News,Germany,German,,News,news
WDR,https://viamotionhsi.netplus.ch/live/eds/wdr/browser-dash/wdr.mpd,Regional,Germany,German,,Regional,"regional,public"
One (DE),https://viamotionhsi.netplus.ch/live/eds/onehd/browser-dash/onehd.mpd,Entertainment,Germany,German,,Entertainment,"entertainment,public"
HR,https://viamotionhsi.netplus.ch/live/eds/hr/browser-dash/hr.mpd,Regional,Germany,German,,Regional,"regional,public"
Comedy Central (DE),https://viamotionhsi.netplus.ch/live/eds/comedycentral/browser-dash/comedycentral.mpd,Entertainment,Germany,German,,Entertainment,comedy
Deluxe Music,https://viamotionhsi.netplus.ch/live/eds/deluxemusic/browser-dash/deluxemusic.mpd,Music,Germany,German,,Music,music
RiC,https://rictv.iptv-playoutcenter.de/rictv/rictv-web/playlist.m3u8,Kids,Germany,German,,Kids,kids
RiC+,https://streams2.sofast.tv/ptnr-yupptv/title-Ric_Plus/v1/master/611d79b11b77e2f571934fd80ca1413453772ac7/42997d52-337b-4fbe-8693-aa8605f5cfab/master.m3u8,Kids,Germany,German,,Kids,kids
Disney Channel (DE),https://viamotionhsi.netplus.ch/live/eds/disneychannelde/browser-dash/disneychannelde.mpd,Kids,Germany,German,,Kids,kids
ERT 1,http://193.92.205.210:666/stream/channelid/995341409?ticket=5B223EE0AEED416785F454C4CB195162F022E00B&profile=pass,General,Greece,Greek,,General,"public,general"
ERT 2,http://193.92.205.210:666/stream/channelid/1499176004?ticket=3CEE47EB35A03AC38B040489F41A614327A4E5E3&profile=pass,General,Greece,Greek,,General,"public,general"
ERT 3,http://193.92.205.210:666/stream/channelid/1916392614?ticket=983AE885A07F7959E4645AA7E7A30883FAC4C048&profile=pass,Regional,Greece,Greek,,Regional,"regional,public"
ERT News,http://193.92.205.210:666/stream/channelid/1138069875?ticket=C211F18468E6A4A472715B15EC81DF1669D1A66E&profile=pass,News,Greece,Greek,,News,"news,public"
ANT1,http://193.92.205.210:666/stream/channelid/1798735192?ticket=B0E589720454D7A886243B52EE9B585997FAC6EC&profile=pass,General,Greece,Greek,,General,general
Alpha,http://193.92.205.210:666/stream/channelid/316270598?ticket=4EAFCB6CC543B46244367B2AF5D1F70BD8E64CB8&profile=pass,General,Greece,Greek,,General,general
MAD,http://193.92.205.210:666/stream/channelid/713260648?ticket=BCFE397CA2C57FDE9D15132028BBACF5C74DD066&profile=pass,Music,Greece,Greek,,Music,music
Makedonia TV,http://193.92.205.210:666/stream/channelid/1494631013?ticket=20C28E1E02AF6180CB1585886C359B3B0EB2B48E&profile=pass,Regional,Greece,Greek,,Regional,regional
Skai TV,http://193.92.205.210:666/stream/channelid/991752849?ticket=784DD68DB7A77EFE467FFD867EF540E4AFF2B553&profile=pass,General,Greece,Greek,,General,general
MEGA (GR),http://193.92.205.210:666/stream/channelid/127572322?ticket=DF0DF71DE53B0CEA811D5277F60703C4BB7A80C0&profile=pass,General,Greece,Greek,,General,general
Star (GR),http://193.92.205.210:666/stream/channelid/1724988607?ticket=F0A4C6CBC94A83ACB060E01D2D6C67D13419D827&profile=pass,General,Greece,Greek,,General,general
OPEN Beyond,http://193.92.205.210:666/stream/channelid/2093067483?ticket=6A2C592AA031EABF9B5D2EB17874AAD15B94691B&profile=pass,General,Greece,Greek,,General,general
Nickelodeon (GR),http://193.92.205.210:666/stream/channelid/332003718?ticket=5A96C45C5BD1FCCFF6A32BC17251B02524EB6183&profile=pass,Kids,Greece,Greek,,Kids,kids
NCN,http://live.dreamtv.gy/live/c2eds/NCN/HLS/NCN.m3u8,General,Guyana,English,,General,"public,general"
Guyana Learning Channel,http://live.dreamtv.gy/live/c2eds/GuyanaLearning/HLS/GuyanaLearning.m3u8,Educational,Guyana,English,,Educational,education
GLC Jr,http://live.dreamtv.gy/live/c2eds/GLCjr/HLS/GLCjr.m3u8,Kids,Guyana,English,,Kids,"kids,education"
GLC Elementary,http://38.127.211.18/live/c2eds/GLCElementary/HLS/GLCElementary.m3u8,Educational,Guyana,English,,Educational,education
GLC TeenED,http://38.127.211.18/live/c2eds/GLCTeenED/HLS/GLCTeenED.m3u8,Educational,Guyana,English,,Educational,education
GLC Ah We TV,http://38.127.211.18/live/c2eds/GLCAhWeTV/HLS/GLCAhWeTV.m3u8,General,Guyana,English,,General,general
GLC Discover,http://38.127.211.18/live/c2eds/GLCDiscover/HLS/GLCDiscover.m3u8,Documentary,Guyana,English,,Documentary,documentary
GLC EleVate,http://live.dreamtv.gy/live/c2eds/GLCEleVate/HLS/GLCEleVate.m3u8,Educational,Guyana,English,,Educational,education
TeleSur English,https://cdnenmain.telesur.ultrabase.net/mblivev3/hd/playlist.m3u8,News,Venezuela,English,,News,"news,international"
Den Haag TV,http://wowza5.video-streams.nl:1935/denhaag/denhaag/playlist.m3u8,Regional,Netherlands,Dutch,,Regional,regional
Duna,https://viamotionhsi.netplus.ch/live/eds/duna/browser-dash/duna.mpd,General,Hungary,Hungarian,,General,"public,general"
M1,http://195.189.60.31:8003/play/a09o/index.m3u8,General,Hungary,Hungarian,,General,"public,general"
M2,http://195.189.60.31:8003/play/a09x/index.m3u8,Kids,Hungary,Hungarian,,Kids,"kids,public"
M5,http://195.189.60.31:8003/play/a0fd/index.m3u8,Culture,Hungary,Hungarian,,Culture,"culture,public"
RTL (HU),http://195.189.60.31:8003/play/a0gp/index.m3u8,General,Hungary,Hungarian,,General,general
RTL Gold,http://195.189.60.31:8003/play/a0dy/index.m3u8,Entertainment,Hungary,Hungarian,,Entertainment,entertainment
TV2 (HU),http://195.189.60.31:8003/play/a0a9/index.m3u8,General,Hungary,Hungarian,,General,general
TV2 Comedy,http://195.189.60.31:8003/play/a0cm/index.m3u8,Entertainment,Hungary,Hungarian,,Entertainment,comedy
TV2 Kids,http://195.189.60.31:8003/play/a0cu/index.m3u8,Kids,Hungary,Hungarian,,Kids,kids
TV2 Séf,http://195.189.60.31:8003/play/a0c9/index.m3u8,Lifestyle,Hungary,Hungarian,,Lifestyle,"food,cooking"
TV4 (HU),http://195.189.60.31:8003/play/a0ci/index.m3u8,Entertainment,Hungary,Hungarian,,Entertainment,entertainment
RÚV,https://ruv-web-live.akamaized.net/streymi/ruverl/ruverl.m3u8,General,Iceland,Icelandic,,General,"public,general"
IRIB TV1,https://stream2.removie.raha.af/live/smil:iribtv1.smil/chunklist_w1989776299_b1500000.m3u8,General,Iran,Persian,,General,"public,general"
IRIB TV3,https://stream2.removie.raha.af/live/smil:iribtv3.smil/chunklist_w1848100321_b1500000.m3u8,General,Iran,Persian,,General,"public,general"
IRIB TV4,https://lenz.splus.ir/PLTV/88888888/224/3221226140/1.m3u8,General,Iran,Persian,,General,"public,general"
IRIB Nasim,https://lenz.splus.ir/PLTV/88888888/224/3221226653/1.m3u8,Entertainment,Iran,Persian,,Entertainment,"entertainment,public"
IRINN,https://lenz.splus.ir/PLTV/88888888/224/3221226142/1.m3u8,News,Iran,Persian,,News,"news,public"
IRIB Varzesh,https://stream2.removie.raha.af/live/smil:irvarzeshtv.smil/chunklist_w206723439_b1500000.m3u8,Sports,Iran,Persian,,Sports,"sports,public"
IRIB Tamasha,https://lenz.splus.ir/PLTV/88888888/224/3221226879/1.m3u8,Entertainment,Iran,Persian,,Entertainment,"entertainment,public"
Ifilm Farsi,https://lenz.splus.ir/PLTV/88888888/224/3221226842/1.m3u8,Movies,Iran,Persian,,Movies,movies
IRIB Namayesh,https://lenz.splus.ir/PLTV/88888888/224/3221226148/1.m3u8,Entertainment,Iran,Persian,,Entertainment,"drama,public"
IRIB Mostanad,https://lenz.splus.ir/PLTV/88888888/224/3221226901/1.m3u8,Documentary,Iran,Persian,,Documentary,"documentary,public"
IRIB Quran,https://lenz.splus.ir/PLTV/88888888/224/3221226144/1.m3u8,Religious,Iran,Persian,,Religious,"religion,quran"
Iran International,https://dev-live.livetvstream.co.uk/LS-63503-4/chunklist_b1196000.m3u8,News,Iran,Persian,,News,news
Manoto HD,https://m3u.iranvids.com/manoto/output.m3u8,General,Iran,Persian,HD,General,general
PBC Tapesh,https://iptv.tapesh.tv/tapesh/playlist_low/index.m3u8,General,Iran,Persian,,General,general
VOA Farsi,https://voa-ingest.akamaized.net/hls/live/2033876/tvmc07/playlist_0360.m3u8,News,Iran,Persian,,News,news
Radio Farda,https://rfe-ingest.akamaized.net/hls/live/2033042/tvmc01/playlist.m3u8,News,Iran,Persian,,News,news
RTÉ One,http://84.203.21.1:9981/stream/channelid/130762250?profile=pass,General,Ireland,English,,General,"public,general"
RTÉ2,http://185.99.136.50:9981/stream/channelid/190697840?profile=pass,General,Ireland,English,,General,"public,general"
Virgin Media One,http://84.203.21.1:9981/stream/channelid/1145924194?profile=pass,General,Ireland,English,,General,general
TG4,http://84.203.21.1:9981/stream/channelid/1042352985?profile=pass,General,Ireland,Irish,,General,"public,general"
Virgin Media Two,http://84.203.21.1:9981/stream/channelid/957092576?profile=pass,Entertainment,Ireland,English,,Entertainment,entertainment
Virgin Media Three,http://84.203.21.1:9981/stream/channelid/1835889741?profile=pass,Entertainment,Ireland,English,,Entertainment,entertainment
Virgin Media Four,http://84.203.21.1:9981/stream/channelid/881832135?profile=pass,Entertainment,Ireland,English,,Entertainment,entertainment
RTÉ News,http://84.203.21.1:9981/stream/channelid/864611771?profile=pass,News,Ireland,English,,News,"news,public"
Cúla4,https://d3257a9rb0p5iy.cloudfront.net/tg4_live_cula4_main_3000_.m3u8,Kids,Ireland,Irish,,Kids,kids
Rai 1,https://viamotionhsi.netplus.ch/live/eds/rai1/browser-dash/rai1.mpd,General,Italy,Italian,,General,"public,general"
Rai 2,https://viamotionhsi.netplus.ch/live/eds/rai2/browser-dash/rai2.mpd,General,Italy,Italian,,General,"public,general"
Rai 3,https://viamotionhsi.netplus.ch/live/eds/rai3/browser-dash/rai3.mpd,Regional,Italy,Italian,,Regional,"regional,public"
Rai News 24,https://viamotionhsi.netplus.ch/live/eds/rainews/browser-dash/rainews.mpd,News,Italy,Italian,,News,"news,public"
Rai Sport,https://viamotionhsi.netplus.ch/live/eds/raisport1/browser-dash/raisport1.mpd,Sports,Italy,Italian,,Sports,"sports,public"
Rai Storia,https://viamotionhsi.netplus.ch/live/eds/raistoria/browser-dash/raistoria.mpd,Documentary,Italy,Italian,,Documentary,"history,public"
Rai Gulp,https://viamotionhsi.netplus.ch/live/eds/raigulp/browser-dash/raigulp.mpd,Kids,Italy,Italian,,Kids,"kids,public"
Rai Scuola,https://viamotionhsi.netplus.ch/live/eds/raiscuola/browser-dash/raiscuola.mpd,Educational,Italy,Italian,,Educational,"education,public"
Italia 1,https://cachehsi1a.netplus.ch/live/eds/italia1/browser-dash/italia1.mpd,General,Italy,Italian,,General,general
Canale 5,https://cachehsi1a.netplus.ch/live/eds/canale5/browser-dash/canale5.mpd,General,Italy,Italian,,General,general
DMAX (IT),https://cachehsi1a.netplus.ch/live/eds/dmaxitalia/browser-dash/dmaxitalia.mpd,Documentary,Italy,Italian,,Documentary,documentary
CVM TV,https://fl5.moveonjoy.com/CVM_TV_CARIBBEAN/index.m3u8,General,Jamaica,English,,General,general
TVJ,https://fl5.moveonjoy.com/TVJ_CARIBBEAN/index.m3u8,General,Jamaica,English,,General,general
KBS World,http://121.143.97.131:9981/stream/channelid/576334703?profile=pass,General,South Korea,Korean,,General,"public,international"
KBS 1TV,http://121.143.97.131:9981/stream/channelid/1970416497?profile=pass,General,South Korea,Korean,,General,"public,general"
KBS 2TV,http://121.143.97.131:9981/stream/channelid/766925654?profile=pass,Entertainment,South Korea,Korean,,Entertainment,"entertainment,public"
KBS Drama,http://121.143.97.131:9981/stream/channelid/380321103?profile=pass,Entertainment,South Korea,Korean,,Entertainment,drama
KBS Joy,http://121.143.97.131:9981/stream/channelid/379109342?profile=pass,Entertainment,South Korea,Korean,,Entertainment,entertainment
KBS Kids,http://121.143.97.131:9981/stream/channelid/430628735?profile=pass,Kids,South Korea,Korean,,Kids,kids
MBC (KR),http://123.212.201.54:9981/stream/channelid/1555600652?ticket=A2F9DDA5AC88952741F7882B3396977931967F37&profile=pass,General,South Korea,Korean,,General,general
SBS (KR),http://123.212.201.54:9981/stream/channelid/355749630?ticket=3F59BE4851A5060AD92DA878FDE2ED006CE5AF23&profile=pass,General,South Korea,Korean,,General,general
TV1 (LT),http://78.56.193.170:9981/stream/channelid/328469358?profile=pass,General,Lithuania,Lithuanian,,General,general
LRT TV,http://78.56.193.170:9981/stream/channelid/1423507139?profile=pass,General,Lithuania,Lithuanian,,General,"public,general"
LNK,http://78.56.193.170:9981/stream/channelid/322416534?profile=pass,General,Lithuania,Lithuanian,,General,general
RTL (LU),https://stream.rtl.lu/data/live/tele/channel1/playlist.m3u8,General,Luxembourg,Luxembourgish,,General,general
RTL ZWEE,https://stream.rtl.lu/data/live/tele/channel2/playlist.m3u8,Entertainment,Luxembourg,Luxembourgish,,Entertainment,entertainment
RTL Gold (LU),https://stream.rtl.lu/data/live/tele/rtlgold/playlist.m3u8,Entertainment,Luxembourg,Luxembourgish,,Entertainment,entertainment
Azteca 7,http://170.78.211.115:8000/play/a0la/index.m3u8,General,Mexico,Spanish,,General,general
Azteca Uno,http://170.78.211.115:8000/play/a0cc/index.m3u8,General,Mexico,Spanish,,General,general
Canal Once,https://s5.mexside.net:1936/stream/stream/playlist.m3u8,General,Mexico,Spanish,,General,"public,general"
Canal 5 (MX),http://170.78.211.115:8000/play/a0ll/index.m3u8,General,Mexico,Spanish,,General,general
Las Estrellas,http://38.7.195.43:8000/play/a0uq,General,Mexico,Spanish,,General,general
Moldova 1,https://v.trm.md/static/streaming-playlists/hls/6b3b523a-6a02-444c-8129-8354bbeffbc9/0.m3u8,General,Moldova,Romanian,,General,"public,general"
TVCG 1,http://cdn3.bcdn.rs:1935/cg1/smil:cg1.smil/playlist.m3u8,General,Montenegro,Serbian,,General,"public,general"
TVCG 2,http://cdn3.bcdn.rs:1935/cg2/smil:cg2.smil/playlist.m3u8,General,Montenegro,Serbian,,General,"public,general"
NPO 1,http://86.85.245.213:9981/stream/channelid/228930093?profile=pass,General,Netherlands,Dutch,,General,"public,general"
NPO 2,http://86.85.245.213:9981/stream/channelid/1091595793?profile=pass,General,Netherlands,Dutch,,General,"public,general"
NPO 3,http://86.85.245.213:9981/stream/channelid/1341758705?profile=pass,General,Netherlands,Dutch,,General,"public,general"
TVNZ 1,https://tv.wyatts-server.com/stream/channelid/1534554920?profile=pass,General,New Zealand,English,,General,"public,general"
TVNZ 2,https://tv.wyatts-server.com/stream/channelid/255759550?profile=pass,Entertainment,New Zealand,English,,Entertainment,"entertainment,public"
Three (NZ),https://tv.wyatts-server.com/stream/channelid/1655729639?profile=pass,General,New Zealand,English,,General,general
Parliament TV (NZ),https://ptvlive.kordia.net.nz/out/v1/daf20b9a9ec5449dadd734e50ce52b74/index.m3u8,General,New Zealand,English,,General,"politics,public"
GMA,https://ott.m3u8.nathcreqtives.com/gma/manifest.m3u8,General,Philippines,Filipino,,General,general
TVP 1,https://tvh.cyn.cz/stream/channelid/1133911016?profile=pass,General,Poland,Polish,,General,"public,general"
TVP 2,http://46.171.186.177:9981/stream/channelid/304081769?ticket=3D4B83075993874103DBE6A91186CD031CD81511&profile=pass,General,Poland,Polish,,General,"public,general"
TVP Info,https://tvh.cyn.cz/stream/channelid/1182692606?profile=pass,News,Poland,Polish,,News,"news,public"
TVP Sport,https://tvh.cyn.cz/stream/channelid/682431392?profile=pass,Sports,Poland,Polish,,Sports,"sports,public"
TVP Historia,https://tvh.cyn.cz/stream/channelid/636863764?profile=pass,Documentary,Poland,Polish,,Documentary,"history,public"
TVP Kultura,https://tvh.cyn.cz/stream/channelid/1849809109?profile=pass,Culture,Poland,Polish,,Culture,"culture,public"
TVN,https://tvh.cyn.cz/stream/channelid/1616667038?profile=pass,General,Poland,Polish,,General,general
TVN Turbo,https://tvh.cyn.cz/stream/channelid/683341512?profile=pass,Entertainment,Poland,Polish,,Entertainment,"cars,entertainment"
Polsat,https://tvh.cyn.cz/stream/channelid/75536366?profile=pass,General,Poland,Polish,,General,general
Polsat News,https://tvh.cyn.cz/stream/channelid/867587422?profile=pass,News,Poland,Polish,,News,news
RTP 1,http://94.61.151.242:9981/stream/channelid/1661493381?profile=pass,General,Portugal,Portuguese,,General,"public,general"
RTP 2,http://94.61.151.242:9981/stream/channelid/1538805164?profile=pass,General,Portugal,Portuguese,,General,"public,general"
RTP 3,http://94.61.151.242:9981/stream/channelid/1289785289?profile=pass,News,Portugal,Portuguese,,News,"news,public"
SIC,http://94.61.151.242:9981/stream/channelid/937468567?profile=pass,General,Portugal,Portuguese,,General,general
SIC K,http://94.61.151.242:9981/stream/channelid/1241709159?profile=pass,Kids,Portugal,Portuguese,,Kids,kids
TVI Ficção,https://video-auth2.iol.pt/live_tvi_ficcao/live_tvi_ficcao/edge_servers/tvificcao-720p/playlist.m3u8,Entertainment,Portugal,Portuguese,,Entertainment,"fiction,drama"
TVI Reality,https://video-auth4.iol.pt/live_tvi_reality/live_tvi_reality/edge_servers/tvireality-720_passthrough/playlist.m3u8,Entertainment,Portugal,Portuguese,,Entertainment,reality
TVR 1,http://188.24.11.82:9981/stream/channelid/2006302830?ticket=49E768B18442D9BF2A06FF998F772CA75689488B&profile=pass,General,Romania,Romanian,,General,"public,general"
TVR 2,http://188.24.11.82:9981/stream/channelid/820149369?ticket=90D44553F4B561167236377B5CE515917D255AFB&profile=pass,General,Romania,Romanian,,General,"public,general"
TVR 3,http://188.24.11.82:9981/stream/channelid/1801836540?ticket=A9E4E7FCB04C5C0C18D80BCBE78AC01C28AEA2&profile=pass,Regional,Romania,Romanian,,Regional,"regional,public"
TVR Info,http://188.24.11.82:9981/stream/channelid/1904145471?ticket=8CB25791EBCFBED07CD40C7033FCE8F012665852&profile=pass,News,Romania,Romanian,,News,"news,public"
Pro TV,http://188.24.11.82:9981/stream/channelid/1593684681?ticket=6BC724B09A3C36D760112771B967D9AA4BE64562&profile=pass,General,Romania,Romanian,,General,general
Antena 1 (RO),http://188.24.11.82:9981/stream/channelid/1172957691?ticket=7620D125CAB7072720A9BF8B4C59BDA98C60D02E&profile=pass,General,Romania,Romanian,,General,general
Antena 3 (RO),http://188.24.11.82:9981/stream/channelid/1510945120?ticket=4AC8841F27D237255E0F206E2BAE76F1ED8E1E77&profile=pass,News,Romania,Romanian,,News,news
RTS 1 (RS),https://webtvstream.bhtelecom.ba/hls19/rts1.m3u8,General,Serbia,Serbian,,General,"public,general"
RTS 2 (RS),https://webtvstream.bhtelecom.ba/hls19/rts2.m3u8,General,Serbia,Serbian,,General,"public,general"
La 1,http://176.65.146.237:8401/play/a095/index.m3u8,General,Spain,Spanish,,General,"public,general"
Antena 3 (ES),http://176.65.146.237:8401/play/a0ae/index.m3u8,General,Spain,Spanish,,General,general
Neox,http://176.65.146.237:8401/play/a0ag/index.m3u8,Entertainment,Spain,Spanish,,Entertainment,entertainment
Clan,https://dum8zv1rbdjj2.cloudfront.net/v1/master/3722c60a815c199d9c0ef36c5b73da68a62b09d1/cc-x6uutpgph4tpt/ClanES.m3u8,Kids,Spain,Spanish,,Kids,"kids,public"
24h (ES),https://d32rw80ytx9uxs.cloudfront.net/v1/master/3722c60a815c199d9c0ef36c5b73da68a62b09d1/cc-vlldndmow4yre/24HES.m3u8,News,Spain,Spanish,,News,"news,public"
Teledeporte,https://d1cctoeg0n48w5.cloudfront.net/v1/master/3722c60a815c199d9c0ef36c5b73da68a62b09d1/cc-mnixw9wn5ugmv/TeledeporteES.m3u8,Sports,Spain,Spanish,,Sports,"sports,public"
SVT 1,http://79.136.31.136:9998/stream/channelid/1554111608?ticket=8A1D63CB257CA8D35560E3FBD9E68009A3D19F82&profile=pass,General,Sweden,Swedish,,General,"public,general"
SVT 2,http://79.136.31.136:9998/stream/channelid/1726626999?ticket=EA70035847C67B4CC832351149993182D1701364&profile=pass,General,Sweden,Swedish,,General,"public,general"
TV4 (SE),http://79.136.31.136:9998/stream/channelid/912272936?ticket=C07C8A24B1B0264ABB5D1F0C9EDE2177179E84D1&profile=pass,General,Sweden,Swedish,,General,general
SRF 1,https://viamotionhsi.netplus.ch/live/eds/srf1hd/browser-dash/srf1hd.mpd,General,Switzerland,German,,General,"public,general"
SRF 2,https://viamotionhsi.netplus.ch/live/eds/srf2hd/browser-dash/srf2hd.mpd,General,Switzerland,German,,General,"public,general"
SRF Info,https://viamotionhsi.netplus.ch/live/eds/srfinfohd/browser-dash/srfinfohd.mpd,News,Switzerland,German,,News,"news,public"
RTS 1 (CH),https://viamotionhsi.netplus.ch/live/eds/rts1hd/browser-dash/rts1hd.mpd,General,Switzerland,French,,General,"public,general"
RTS 2 (CH),https://viamotionhsi.netplus.ch/live/eds/rts2hd/browser-dash/rts2hd.mpd,General,Switzerland,French,,General,"public,general"
RSI La 1,https://viamotionhsi.netplus.ch/live/eds/rsila1hd/browser-dash/rsila1hd.mpd,General,Switzerland,Italian,,General,"public,general"
RSI La 2,https://viamotionhsi.netplus.ch/live/eds/rsila2hd/browser-dash/rsila2hd.mpd,General,Switzerland,Italian,,General,"public,general"
TRT 1,http://212.252.72.103:7070/play/a007,General,Turkey,Turkish,,General,"public,general"
TRT 2,http://212.252.72.103:7070/play/a00o,Culture,Turkey,Turkish,,Culture,"culture,public"
TRT Cocuk,http://212.252.72.103:7070/play/a03n,Kids,Turkey,Turkish,,Kids,"kids,public"
Kanal D (TR),http://92.44.60.75:81/stream/channelid/2089362198?ticket=B099DF4AD251AFAB99D5FE331F28882DB88BEF99&profile=pass,General,Turkey,Turkish,,General,general
Show TV,http://212.252.72.103:7070/play/a00w,General,Turkey,Turkish,,General,general
STAR TV (TR),http://212.252.72.103:7070/play/a00r,General,Turkey,Turkish,,General,general
CNN Türk,http://212.252.72.103:7070/play/a012,News,Turkey,Turkish,,News,news
A Haber,http://212.252.72.103:7070/play/a01d,News,Turkey,Turkish,,News,news
Al Arabiya,http://185.104.253.35:9981/stream/channelid/1424747411?profile=pass,News,Saudi Arabia,Arabic,,News,news
Al Jazeera English,https://live-hls-web-aje-fa.thehlive.com/AJE/index.m3u8,News,Qatar,English,,News,"news,international"
BBC News,http://fl1.moveonjoy.com/BBC_WORLD_NEWS/index.m3u8,News,UK,English,,News,"news,international"
BBC Arabic,https://vs-hls-pushb-ww-live.akamaized.net/x=4/i=urn:bbc:pips:service:bbc_arabic_tv/t=3840/v=pv14/b=5070016/main.m3u8,News,UK,Arabic,,News,"news,international"
BBC Persian,https://vs-hls-pushb-ww-live.akamaized.net/x=4/i=urn:bbc:pips:service:bbc_persian_tv/t=3840/v=pv14/b=5070016/main.m3u8,News,UK,Persian,,News,"news,international"
Sky News,https://linear417-gb-hls1-prd-ak.cdn.skycdp.com/100e/Content/HLS_001_1080_30/Live/channel(skynews)/index_1080-30.m3u8,News,UK,English,,News,"news,international"
RT,https://rt-glb.rttv.com/dvr/rtnews/playlist.m3u8,News,Russia,English,,News,"news,international"
BBC One,http://86.180.115.121:1990/stream/channelid/2113595444?profile=pass,General,UK,English,,General,"public,general"
BBC Two,https://viamotionhsi.netplus.ch/live/eds/bbc2/browser-dash/bbc2.mpd,General,UK,English,,General,"public,general"
ITV1,http://86.180.115.121:1990/stream/channelid/743478963?profile=pass,General,UK,English,,General,general
Channel 4,https://viamotionhsi.netplus.ch/live/eds/channel4/browser-dash/channel4.mpd,General,UK,English,,General,general
Channel 5,https://viamotionhsi.netplus.ch/live/eds/channel5/browser-dash/channel5.mpd,General,UK,English,,General,general
BBC Three/CBBC,https://viamotionhsi.netplus.ch/live/eds/bbc3cbbc/browser-dash/bbc3cbbc.mpd,Kids,UK,English,,Kids,"kids,public"
BBC Four/CBeebies,https://viamotionhsi.netplus.ch/live/eds/bbc4cbeebies/browser-dash/bbc4cbeebies.mpd,Kids,UK,English,,Kids,"kids,public"
ITV2,https://viamotionhsi.netplus.ch/live/eds/itv2/browser-dash/itv2.mpd,Entertainment,UK,English,,Entertainment,entertainment
ITV3,https://viamotionhsi.netplus.ch/live/eds/itv3/browser-dash/itv3.mpd,Entertainment,UK,English,,Entertainment,drama
ITV4,https://viamotionhsi.netplus.ch/live/eds/itv4/browser-dash/itv4.mpd,Entertainment,UK,English,,Entertainment,entertainment
Film4,https://viamotionhsi.netplus.ch/live/eds/film4/browser-dash/film4.mpd,Movies,UK,English,,Movies,movies
More4,https://viamotionhsi.netplus.ch/live/eds/more4/browser-dash/more4.mpd,Entertainment,UK,English,,Entertainment,entertainment
Sky News (UK),http://86.180.115.121:1990/stream/channelid/47242596?profile=pass,News,UK,English,,News,news
BBC News (UK),http://86.180.115.121:1990/stream/channelid/396948315?profile=pass,News,UK,English,,News,"news,public"
GB News,http://86.180.115.121:1990/stream/channelid/1566175602?profile=pass,News,UK,English,,News,news
Talk TV,https://live-talktv-ssai.simplestreamcdn.com/v1/master/774d979dd66704abea7c5b62cb34c6815fda0d35/talktv-live/index.m3u8,News,UK,English,,News,news
CBS (WPEC),https://fl25.moveonjoy.com/CBSEAST/index.m3u8,General,USA,English,,General,"general,broadcast"
NBC (WVGN),https://fl7.moveonjoy.com/NBC_EAST/index.m3u8,General,USA,English,,General,"general,broadcast"
ABC (WFTS),https://fl7.moveonjoy.com/ABC_EAST/index.m3u8,General,USA,English,,General,"general,broadcast"
FOX (WFLX),https://fl7.moveonjoy.com/FOX_EAST/index.m3u8,General,USA,English,,General,"general,broadcast"
TruTV,https://turnerlive.warnermediacdn.com/hls/live/2023176/trueast/slate/VIDEO_0_3564000.m3u8,Entertainment,USA,English,,Entertainment,"comedy,entertainment"
TNT (US),https://turnerlive.warnermediacdn.com/hls/live/2023168/tnteast/slate/VIDEO_0_3564000.m3u8,Entertainment,USA,English,,Entertainment,"movies,series"
HLN,https://turnerlive.warnermediacdn.com/hls/live/586496/cnngo/hln/VIDEO_0_3564000.m3u8,News,USA,English,,News,news
Adult Swim (US),https://turnerlive.warnermediacdn.com/hls/live/2023183/aseast/noslate/VIDEO_1_5128000.m3u8,Entertainment,USA,English,,Entertainment,"animation,adult"
CNN,https://turnerlive.warnermediacdn.com/hls/live/586495/cnngo/cnn_slate/VIDEO_0_3564000.m3u8,News,USA,English,,News,news
TBS,https://turnerlive.warnermediacdn.com/hls/live/2023172/tbseast/slate/VIDEO_0_3564000.m3u8,Entertainment,USA,English,,Entertainment,"comedy,entertainment"
TCM,https://turnerlive.warnermediacdn.com/hls/live/2023186/tcmeast/noslate/VIDEO_1_5128000.m3u8,Movies,USA,English,,Movies,"classic,movies"
AMC (US),https://tvpass.org/live/AMC/sd,Entertainment,USA,English,,Entertainment,"movies,series"
USA Network,https://tvpass.org/live/USANetworkEast/sd,Entertainment,USA,English,,Entertainment,series
Bravo (US),https://tvpass.org/live/BravoEast/hd,Entertainment,USA,English,,Entertainment,reality
MTV (US),https://tvpass.org/live/MTVEast/sd,Music,USA,English,,Music,"music,reality"
Comedy Central (US),https://tvpass.org/live/ComedyCentralEast/sd,Entertainment,USA,English,,Entertainment,comedy
SYFY,https://tvpass.org/live/SyfyEast/sd,Entertainment,USA,English,,Entertainment,"scifi,fantasy"
Cartoon Network/Adult Swim (US),https://tvpass.org/live/CartoonNetworkEast/sd,Kids,USA,English,,Kids,"kids,cartoons"
Nickelodeon (US),https://tvpass.org/live/NickelodeonEast/sd,Kids,USA,English,,Kids,kids
Disney Channel (US),https://tvpass.org/live/DisneyChannelEast/sd,Kids,USA,English,,Kids,kids
Nick Jr. (US),https://tvpass.org/live/NickJrEast/sd,Kids,USA,English,,Kids,kids
Disney XD (US),https://tvpass.org/live/DisneyXDEast/sd,Kids,USA,English,,Kids,kids
National Geographic (US),https://tvpass.org/live/NationalGeographicEast/sd,Documentary,USA,English,,Documentary,"documentary,nature"
FS1,https://tvpass.org/live/FoxSports1/sd,Sports,USA,English,,Sports,sports
Nicktoons (US),https://tvpass.org/live/NicktoonsEast/sd,Kids,USA,English,,Kids,"kids,cartoons"
Disney Junior (US),https://tvpass.org/live/DisneyJuniorEast/sd,Kids,USA,English,,Kids,kids
Boomerang (US),https://tvpass.org/live/Boomerang/sd,Kids,USA,English,,Kids,"kids,cartoons,classic"
PBS Kids,https://livestream.pbskids.org/out/v1/14507d931bbe48a69287e4850e53443c/est.m3u8,Kids,USA,English,,Kids,"kids,education,public"
Fox News,https://tvpass.org/live/FoxNewsChannel/sd,News,USA,English,,News,news
MSNBC,https://tvpass.org/live/MSNBC/sd,News,USA,English,,News,news
C-SPAN,https://tvpass.org/live/CSPAN/sd,General,USA,English,,General,"politics,public"
C-SPAN 2,https://tvpass.org/live/CSPAN2/sd,General,USA,English,,General,"politics,public"
Court TV,https://content.uplynk.com/channel/6c0bd0f94b1d4526a98676e9699a10ef.m3u8,Entertainment,USA,English,,Entertainment,"crime,legal"
Comet,https://fast-channels.sinclairstoryline.com/COMET/index.m3u8,Entertainment,USA,English,,Entertainment,"scifi,movies"
FOX Weather,https://247wlive.foxweather.com/stream/index.m3u8,Weather,USA,English,,Weather,weather
HBO (US),https://tvpass.org/live/HBOEast/sd,Movies,USA,English,,Movies,"movies,series,premium"
QVC East,https://qvc-amd-live.akamaized.net/hls/live/2034113/lsqvc1us/master.m3u8,Shopping,USA,English,,Shopping,shopping
HSN East,https://qvc-amd-live.akamaized.net/hls/live/2034113/lshsn1us/master.m3u8,Shopping,USA,English,,Shopping,shopping
TBN,https://livecdn.use1-0004.jwplive.com/live/sites/Yal8cmyO/media/fCGf6ROk/live.isml/.m3u8,Religious,USA,English,,Religious,"religion,christian"
VTV1,http://113.177.113.214:9981/stream/channelid/224733925?profile=pass,General,Vietnam,Vietnamese,,General,"public,general"
VTV2,http://113.177.113.214:9981/stream/channelid/1479547667?profile=pass,Educational,Vietnam,Vietnamese,,Educational,"education,public"
VTV3,http://113.177.113.214:9981/stream/channelid/1978056989?profile=pass,Entertainment,Vietnam,Vietnamese,,Entertainment,"entertainment,public"
VTV5,http://113.177.113.214:9981/stream/channelid/1133768036?profile=pass,General,Vietnam,Vietnamese,,General,"ethnic,public"
VTV7,http://113.177.113.214:9981/stream/channelid/1722586611?profile=pass,Educational,Vietnam,Vietnamese,,Educational,"education,public"
Vatican Media,http://77.39.161.42:55555/Vatican%20Media%20HD,Religious,Vatican,Italian,,Religious,"religion,catholic"
Baywatch,https://aka-live491.delivery.roku.com/2821addb-9455-4289-8985-674e002d74fc/t2-origin/out/v1/live.m3u8,Action,,English,,Entertainment,action
Canela.TV Hollywood y Más,https://aka-live491.delivery.roku.com/d3e3a6dc-08c9-4433-bf93-3bc874abffcc/t2-origin/out/v1/live.m3u8,Action,,English,,Entertainment,action
Canela.TV Pasión Latina,https://aka-live491.delivery.roku.com/1a55d3da-27ef-44c3-a089-0f98f5db3973/t2-origin/out/v1/live.m3u8,Action,,English,,Entertainment,action
Cine EstrellaTV,https://aka-live491.delivery.roku.com/ca8ac61f-40c4-44aa-b1c1-05ecf6b92c11/t2-origin/out/v1/live.m3u8,Action,,English,,Entertainment,action
Cinépolis Channel,https://aka-live491.delivery.roku.com/98881e0d-679d-433b-8765-d95d3afeb21c/t2-origin/out/v1/live.m3u8,Action,,English,,Entertainment,action
El Rey Rebel,https://aka-live491.delivery.roku.com/bcd8c150-477b-4ce8-a028-3181c424a9bc/t2-origin/out/v1/live.m3u8,Action,,English,,Entertainment,action
Electric Now,https://aka-live491.delivery.roku.com/6c9268f6-d17b-49c8-bafb-23b74ae6aa45/t2-origin/out/v1/live.m3u8,Action,,English,,Entertainment,action
FILMEX,https://aka-live491.delivery.roku.com/c1f16607-abcf-4fb1-9bdb-469c8d3d1466/t2-origin/out/v1/live.m3u8,Action,,English,,Entertainment,action
FILMEX Clásico,https://aka-live491.delivery.roku.com/dee94bdd-c128-4649-95eb-e2cc1e557527/t2-origin/out/v1/live.m3u8,Action,,English,,Entertainment,action
FilmRise Action,https://aka-live491.delivery.roku.com/6872f94b-9d18-49bf-83cb-832dd25a5cb4/t2-origin/out/v1/live.m3u8,Action,,English,,Entertainment,action
FreeTV Acción,https://aka-live491.delivery.roku.com/16ccb3b4-50c5-4f2c-912f-c9ed6a236373/t2-origin/out/v1/live.m3u8,Action,,English,,Entertainment,action
FreeTV Asia,https://aka-live491.delivery.roku.com/e394d580-0f69-4045-9b7d-f001a74eb2e9/t2-origin/out/v1/live.m3u8,Action,,English,,Entertainment,action
Hi-YAH!,https://aka-live491.delivery.roku.com/f0305333-707a-4f7a-b6e1-568cdfabec70/t2-origin/out/v1/live.m3u8,Action,,English,,Entertainment,action
Hong Kong Fight Club,https://aka-live491.delivery.roku.com/088a0e0f-7aa5-415d-b5c1-9f89a0899b0d/t2-origin/out/v1/live.m3u8,Action,,English,,Entertainment,action
In The Heat of the Night,https://aka-live491.delivery.roku.com/3e9a51b0-5b6c-4d18-bcce-a227f9dabfc6/t2-origin/out/v1/live.m3u8,Action,,English,,Entertainment,action
Maverick Black Cinema,https://aka-live491.delivery.roku.com/3c0449bf-12ab-47ab-a928-0a51cc1a2349/t2-origin/out/v1/live.m3u8,Action,,English,,Entertainment,action
MGM Presents,https://aka-live491.delivery.roku.com/3cc1026b-6105-4bc0-91d5-5cd1bc3df6a2/t2-origin/out/v1/live.m3u8,Action,,English,,Entertainment,action
Movie Hub,https://aka-live491.delivery.roku.com/4eddfb64-e03e-4a12-b889-53eed835572e/t2-origin/out/v1/live.m3u8,Action,,English,,Entertainment,action
Movie Hub Action,https://aka-live491.delivery.roku.com/be8e0aad-9c0d-4b4d-ac10-d0c72bb6c7f3/t2-origin/out/v1/live.m3u8,Action,,English,,Entertainment,action
NHRA TV,https://aka-live491.delivery.roku.com/38389894-c360-46b6-9961-01322e6678ea/t2-origin/out/v1/live.m3u8,Action,,English,,Entertainment,action
Outside TV,https://aka-live491.delivery.roku.com/93a5718d-1408-4dcb-9444-348e9e2e19d7/t2-origin/out/v1/live.m3u8,Action,,English,,Entertainment,action
Pam Grier's Soul Flix,https://aka-live491.delivery.roku.com/f602b404-e45c-4293-98e5-d258978e6c8a/t2-origin/out/v1/live.m3u8,Action,,English,,Entertainment,action
Power Rangers,https://aka-live491.delivery.roku.com/5f50daaa-1789-48e2-b536-559a5a86a052/t2-origin/out/v1/live.m3u8,Action,,English,,Entertainment,action
Stargate,https://aka-live491.delivery.roku.com/001a408c-1122-483d-8ee3-c219825b5135/t2-origin/out/v1/live.m3u8,Action,,English,,Entertainment,action
Transformers,https://aka-live491.delivery.roku.com/73ee2a1b-b841-4143-b9f9-8b00b8f41bb8/t2-origin/out/v1/live.m3u8,Action,,English,,Entertainment,action
Xena,https://aka-live491.delivery.roku.com/03f41793-8c89-4185-9e6d-7422a8375547/t2-origin/out/v1/live.m3u8,Action,,English,,Entertainment,action
Z Nation,https://aka-live491.delivery.roku.com/2b83a0b6-4ce7-4c1c-a4e8-4fea7ab204b9/t2-origin/out/v1/live.m3u8,Action,,English,,Entertainment,action
American Gladiators,https://aka-live491.delivery.roku.com/01df2f47-d995-462c-ad90-9b78acab1224/t2-origin/out/v1/live.m3u8,Action Sports,,English,,Sports,"sports,action"
Esports Edge,https://aka-live491.delivery.roku.com/9f97fba6-61c5-4ce6-8e34-ac5f31d83c56/t2-origin/out/v1/live.m3u8,Action Sports,,English,,Sports,"sports,esports"
Red Bull TV,https://aka-live491.delivery.roku.com/0ad626c0-5e48-4779-a204-0263cdfef356/t2-origin/out/v1/live.m3u8,Action Sports,,English,,Sports,"sports,action"
Women's Sports Network,https://aka-live491.delivery.roku.com/6155bdf8-2da2-457b-b315-ac28b905821d/t2-origin/out/v1/live.m3u8,Action Sports,,English,,Sports,"sports,women"
X Games TV,https://aka-live491.delivery.roku.com/c912643a-11b6-4639-a915-b96659634175/t2-origin/out/v1/live.m3u8,Action Sports,,English,,Sports,"sports,action"
Danger TV,https://aka-live491.delivery.roku.com/8f424c6e-1502-4fa8-9067-5ebabf8645d1/t2-origin/out/v1/live.m3u8,Adventure,,English,,Entertainment,adventure
Lassie,https://aka-live491.delivery.roku.com/cdb0b44d-432d-49f2-a1ad-07f84857f300/t2-origin/out/v1/live.m3u8,Adventure,,English,,Entertainment,adventure
Dinos 24/7,https://aka-live491.delivery.roku.com/db18e9b0-cdf6-426a-b032-a04af36b5d8e/t2-origin/out/v1/live.m3u8,Animals,,English,,Documentary,"animals,nature"
Dog Whisperer With Cesar Millan,https://aka-live491.delivery.roku.com/783ca1cc-309b-4f08-aa3b-295787f4ee9d/t2-origin/out/v1/live.m3u8,Animals,,English,,Documentary,"animals,pets"
Love Nature English,https://aka-live491.delivery.roku.com/531982b9-848e-4563-ac86-022c63975be7/t2-origin/out/v1/live.m3u8,Animals,,English,,Documentary,"animals,nature"
Love Nature Spanish,https://aka-live491.delivery.roku.com/c600741a-7139-4b2e-ae6b-8779c57d18dd/t2-origin/out/v1/live.m3u8,Animals,,English,,Documentary,"animals,nature"
MagellanTV Wildest,https://aka-live491.delivery.roku.com/f86e89b1-f094-4f9b-94e9-eaba63c4f136/t2-origin/out/v1/live.m3u8,Animals,,English,,Documentary,"animals,nature"
Pet Collective,https://aka-live491.delivery.roku.com/13d06c28-7fed-42c3-ac85-69f9f7e75793/t2-origin/out/v1/live.m3u8,Animals,,English,,Documentary,"animals,pets"
The Jack Hanna Channel,https://aka-live491.delivery.roku.com/b82321b3-ace3-4dd5-9eaa-e1329813bb02/t2-origin/out/v1/live.m3u8,Animals,,English,,Documentary,"animals,nature"
WildEarth,https://aka-live491.delivery.roku.com/ed00d96f-28b9-4d3f-a01e-9c98bfe984c2/t2-origin/out/v1/live.m3u8,Animals,,English,,Documentary,"animals,nature"
Animation+,https://aka-live491.delivery.roku.com/bf285a58-b9ac-457c-ac7d-cf7b207f3140/t2-origin/out/v1/live.m3u8,Animated,,English,,Kids,"animated,cartoons"
Anime X HiDive,https://aka-live491.delivery.roku.com/bb8d07e9-952d-40b5-8104-5fe09bdb3f65/t2-origin/out/v1/live.m3u8,Animated,,English,,Kids,"anime,animated"
Pink Panther,https://aka-live491.delivery.roku.com/a3ed0622-94e5-44eb-9b2e-a05cab802563/t2-origin/out/v1/live.m3u8,Animated,,English,,Kids,"animated,cartoons,classic"
Pitufo TV,https://aka-live491.delivery.roku.com/678e69d7-6f34-49c1-b01c-e8173db323a6/t2-origin/out/v1/live.m3u8,Animated,,English,,Kids,"animated,cartoons"
RetroCrush,https://aka-live491.delivery.roku.com/4cae13de-8f08-4c78-814a-64cc24ae038a/t2-origin/out/v1/live.m3u8,Animated,,English,,Kids,"anime,animated,retro"
Sonic The Hedgehog,https://aka-live491.delivery.roku.com/e4e2a5ba-9578-466a-ad3c-0c53e75f523f/t2-origin/out/v1/live.m3u8,Animated,,English,,Kids,"animated,cartoons,gaming"
Super Mario Brothers,https://aka-live491.delivery.roku.com/4c394a43-2ae4-493b-acce-7dd7700495ef/t2-origin/out/v1/live.m3u8,Animated,,English,,Kids,"animated,cartoons,gaming"
Yu-Gi-Oh!,https://aka-live491.delivery.roku.com/0058c472-a55b-4c80-8f55-348fe189fcfb/t2-origin/out/v1/live.m3u8,Animated,,English,,Kids,"anime,animated,gaming"
Crunchyroll,https://aka-live491.delivery.roku.com/cdd53068-81e9-4898-999d-7f4f6d0b28ad/t2-origin/out/v1/live.m3u8,Anime,,English,,Kids,anime
Cirque du Soleil,https://aka-live491.delivery.roku.com/c3bf478a-4019-4871-bb12-76bb59eaff62/t2-origin/out/v1/live.m3u8,Art,,English,,Culture,"arts,entertainment"
The Bob Ross Channel,https://aka-live491.delivery.roku.com/1ede7a2e-3bdb-4abf-8fda-db572772aae4/t2-origin/out/v1/live.m3u8,Art,,English,,Culture,"arts,painting"
Classic Car Auctions by History,https://aka-live491.delivery.roku.com/9a0b9b74-ddc7-4118-ad8c-160df46d78d7/t2-origin/out/v1/live.m3u8,Auction,,English,,Lifestyle,"auction,cars"
Mecum TV,https://aka-live491.delivery.roku.com/dff711bc-de45-4dcd-b227-83a9661962b7/t2-origin/out/v1/live.m3u8,Auction,,English,,Lifestyle,"auction,cars"
PBS Antiques Roadshow,https://aka-live491.delivery.roku.com/433f306b-f414-4eaf-978e-509814b70a63/t2-origin/out/v1/live.m3u8,Auction,USA,English,,Lifestyle,"auction,antiques"
Storage Wars by A&E,https://aka-live491.delivery.roku.com/faabf0d8-4315-4386-bf21-c778c681083d/t2-origin/out/v1/live.m3u8,Auction,,English,,Lifestyle,"auction,reality"
Highway Thru Hell,https://aka-live491.delivery.roku.com/6b9301ca-6c0a-4c4c-a4b4-807959440ceb/t2-origin/out/v1/live.m3u8,Auto,,English,,Entertainment,"cars,trucks"
Monster Jam,https://aka-live491.delivery.roku.com/141203c9-b556-44a7-8dce-805ba9e6ec01/t2-origin/out/v1/live.m3u8,Auto,,English,,Entertainment,"cars,monster trucks"
NASCAR,https://aka-live491.delivery.roku.com/ce85c6d3-ab73-4bf7-bbd2-2599e5ac4261/t2-origin/out/v1/live.m3u8,Auto,USA,English,,Sports,"cars,racing"
POWERNATION,https://aka-live491.delivery.roku.com/66d4ac70-30d5-4f45-9e40-d4e1eda81dba/t2-origin/out/v1/live.m3u8,Auto,,English,,Entertainment,"cars,automotive"
POWERNATION en Español,https://aka-live491.delivery.roku.com/26bc7b84-43bc-49f9-b180-e7427525cbaa/t2-origin/out/v1/live.m3u8,Auto,,Spanish,,Entertainment,"cars,automotive"
RACER Select,https://aka-live491.delivery.roku.com/ea0433ef-d570-41e9-9d71-4bbc206042e4/t2-origin/out/v1/live.m3u8,Auto,,English,,Sports,"cars,racing"
Speed Sport 1,https://aka-live491.delivery.roku.com/63e7c506-7574-46d4-a388-2453864eae36/t2-origin/out/v1/live.m3u8,Auto,,English,,Sports,"cars,racing"
InTrouble,https://amg00861-amg00861c6-rlaxx-uk-3951.playouts.now.amagi.tv/playlist.m3u8,Action Sports,UK,English,1080p,Sports,"sports,action,outdoor"
NESN Nation,https://aka-live491.delivery.roku.com/201b95b7-c424-413b-bdb7-850959e16240/t2-origin/out/v1/live.m3u8,Baseball,,English,,Sports,"baseball,sports"
Ryz Sports Network,https://aka-live491.delivery.roku.com/b519e4dd-1677-44b6-81ac-c7be7018d913/t2-origin/out/v1/live.m3u8,Baseball,,English,,Sports,"baseball,sports"
Swerve Sports,https://aka-live491.delivery.roku.com/e336313c-5db7-455c-b8de-a5bc1f93447e/t2-origin/out/v1/live.m3u8,Baseball,,English,,Sports,"baseball,sports"
ACC Digital Network,https://aka-live491.delivery.roku.com/c1f1867d-38e5-456d-81de-5aa22554341c/t2-origin/out/v1/live.m3u8,Basketball,USA,English,,Sports,"basketball,sports"
Big 12 Studios,https://aka-live491.delivery.roku.com/8379c9d6-9ae6-4803-a1ca-76587d69213f/t2-origin/out/v1/live.m3u8,Basketball,,English,,Sports,"basketball,sports"
Billiard TV,https://aka-live491.delivery.roku.com/7bdb9bb8-6f3b-42c3-9ea7-44ec93c849cd/t2-origin/out/v1/live.m3u8,Billiards,,English,,Sports,"billiards,sports"
In Depth with Graham Bensinger,https://aka-live491.delivery.roku.com/c08f5a0e-665f-4a29-ac93-fbb45dd88166/t2-origin/out/v1/live.m3u8,Biography,,English,,Documentary,"biography,interview"
PFL MMA,https://aka-live491.delivery.roku.com/120da388-708f-4b8f-b4f4-8d564c348eb1/t2-origin/out/v1/live.m3u8,Boxing,,English,,Sports,"boxing,mma"
Swerve Combat,https://aka-live491.delivery.roku.com/8e42098f-4bbb-4f94-8d79-012257e5a107/t2-origin/out/v1/live.m3u8,Boxing,,English,,Sports,"boxing,mma"
Top Rank Classics,https://aka-live491.delivery.roku.com/d60c9b4b-2756-4dea-adfc-e9ec609b8cce/t2-origin/out/v1/live.m3u8,Boxing,,English,,Sports,"boxing,classic"
PBR: Ride Pass,https://aka-live491.delivery.roku.com/6e3c080c-c614-41fb-a62c-903dfc196e6b/t2-origin/out/v1/live.m3u8,Bullfighting,,English,,Sports,"bull riding,rodeo"
Gary Vee TV,https://aka-live491.delivery.roku.com/f6401ede-ed46-46f0-bb1d-4857c3ad8dbf/t2-origin/out/v1/live.m3u8,Business/Financial,,English,,General,"business,entrepreneurship"
Super Simple Songs,https://aka-live491.delivery.roku.com/d29e908e-3f20-4744-b1b5-dca8f9605cc2/t2-origin/out/v1/live.m3u8,Children's Music,,English,,Kids,"kids,music,educational"
Always Funny Videos,https://aka-live491.delivery.roku.com/b1beefe1-d4e3-43c6-b15c-7c24f0044827/t2-origin/out/v1/live.m3u8,Comedy,,English,,Entertainment,comedy
Canela.TV Clásicos,https://aka-live491.delivery.roku.com/8fb6d023-6a9e-489e-b837-82949dabf4f3/t2-origin/out/v1/live.m3u8,Comedy,,Spanish,,Entertainment,comedy
Comedy Dynamics,https://aka-live491.delivery.roku.com/36adb737-0d44-4942-976a-4b940ac3ae3f/t2-origin/out/v1/live.m3u8,Comedy,,English,,Entertainment,comedy
Degrassi,https://aka-live491.delivery.roku.com/ee1621cf-a783-4004-98ba-96319b0b286b/t2-origin/out/v1/live.m3u8,Comedy,,English,,Entertainment,comedy
Ebony,https://aka-live491.delivery.roku.com/78966fe5-f419-4a3c-93f1-95707fa52361/t2-origin/out/v1/live.m3u8,Comedy,,English,,Entertainment,comedy
FailArmy,https://aka-live491.delivery.roku.com/acc6197f-e3ba-446c-a829-dba5e8f5bbae/t2-origin/out/v1/live.m3u8,Comedy,,English,,Entertainment,comedy
Just for Laughs Gags,https://aka-live491.delivery.roku.com/fac576ef-0c1d-4675-91cc-47b2badfae40/t2-origin/out/v1/live.m3u8,Comedy,,English,,Entertainment,comedy
Lifetime Love & Drama,https://aka-live491.delivery.roku.com/b9e738a4-adec-40c0-9d97-e6597bcdea24/t2-origin/out/v1/live.m3u8,Comedy,,English,,Entertainment,comedy
LOL Network,https://aka-live491.delivery.roku.com/9f08863f-60d1-49e5-b935-871f694ba446/t2-origin/out/v1/live.m3u8,Comedy,,English,,Entertainment,comedy
MST3K,https://aka-live491.delivery.roku.com/258146b5-3d5f-43a6-af34-eb5199da3088/t2-origin/out/v1/live.m3u8,Comedy,,English,,Entertainment,comedy
Mythical 24/7,https://aka-live491.delivery.roku.com/305cbc9b-6c11-40b9-83ec-694da4a6b0e1/t2-origin/out/v1/live.m3u8,Comedy,,English,,Entertainment,comedy
The Red Green Channel,https://aka-live491.delivery.roku.com/0f30972e-a469-42ff-a8aa-c70e23af5881/t2-origin/out/v1/live.m3u8,Comedy,,English,,Entertainment,comedy
ViX Cine Club,https://aka-live491.delivery.roku.com/0f232fec-f2cc-45e0-8876-af34537103d4/t2-origin/out/v1/live.m3u8,Comedy,,Spanish,,Entertainment,comedy
Gravitas Movies,https://aka-live491.delivery.roku.com/31aec68c-0544-4b96-9ffb-c47ca025a74a/t2-origin/out/v1/live.m3u8,Comedy Drama,,English,,Entertainment,"comedy,drama"
My Time Movie Network,https://aka-live491.delivery.roku.com/f776bdec-ebce-432b-847d-c7c2400d82e0/t2-origin/out/v1/live.m3u8,Comedy Drama,,English,,Entertainment,"comedy,drama"
Oro TV,https://aka-live491.delivery.roku.com/ace633bf-5514-41b7-819c-3f26c80da14d/t2-origin/out/v1/live.m3u8,Comedy Drama,,Spanish,,Entertainment,"comedy,drama"
USA Network East,https://tvpass.org/live/USANetworkEast/hd,Entertainment,USA,English,1080p,Entertainment,"comedy,movies,series,sports"
Team Liquid,https://aka-live491.delivery.roku.com/e2a5c1ed-5539-4f99-be9f-daf69b77e579/t2-origin/out/v1/live.m3u8,Computers,,English,,Technology,"esports,gaming,tech"
America's Test Kitchen,https://aka-live491.delivery.roku.com/7826c27f-e65e-40d3-89cc-a62e13a407c8/t2-origin/out/v1/live.m3u8,Cooking,,English,,Lifestyle,"cooking,food"
Bon Appetit,https://aka-live491.delivery.roku.com/52ab0fc7-211a-41f5-b78f-d9556eb36bcd/t2-origin/out/v1/live.m3u8,Cooking,,English,,Lifestyle,"cooking,food"
FilmRise Food,https://aka-live491.delivery.roku.com/f6f9008a-207c-4f52-bbb3-92d6cf5df0f9/t2-origin/out/v1/live.m3u8,Cooking,,English,,Lifestyle,"cooking,food"
